Date,US_QQQ_Close,KR_KODEX_Close,CN_ASHR_Close
2020-01-02,208.31756591796875,25786.37890625,27.725982666015625
2020-01-03,206.40936279296875,25782.005859375,27.386964797973633
2020-01-06,207.73928833007812,25585.09765625,27.432777404785156
2020-01-07,207.71041870117188,25843.267578125,27.57938003540039
2020-01-08,209.27162170410156,25676.984375,27.58854103088379
2020-01-09,211.04489135742188,26105.810546875,27.735139846801758
2020-01-10,210.50518798828125,26320.224609375,27.735139846801758
2020-01-13,212.93377685546875,26591.521484375,28.29405975341797
2020-01-14,212.09535217285156,26718.419921875,28.07415771484375
2020-01-15,212.18206787109375,26560.888671875,27.863420486450195
2020-01-16,214.2154998779297,26832.185546875,27.890907287597656
2020-01-17,215.27561950683594,26893.455078125,28.04667091369629
2020-01-20,215.27561950683594,27094.73046875,28.04667091369629
2020-01-21,215.17921447753906,26792.810546875,27.130413055419922
2020-01-22,215.74778747558594,27147.248046875,27.167062759399414
2020-01-23,216.4416961669922,26792.810546875,26.57149314880371
2020-01-24,214.62030029296875,26792.810546875,26.223316192626953
2020-01-27,210.1871795654297,26792.810546875,24.84893035888672
2020-01-28,213.41561889648438,25978.916015625,24.885578155517578
2020-01-29,213.76258850097656,26066.431640625,25.02301788330078
2020-01-30,214.52391052246094,25575.51953125,24.674840927124023
2020-01-31,211.1219940185547,25303.76171875,24.207548141479492
2020-02-03,214.3118896484375,25330.06640625,23.877695083618164
2020-02-04,219.2172088623047,25763.99609375,25.261245727539062
2020-02-05,219.9399871826172,25891.10546875,25.288734436035156
2020-02-06,221.83853149414062,26662.53125,25.178781509399414
2020-02-07,220.8844451904297,26438.998046875,25.059667587280273
2020-02-10,223.55398559570312,26298.734375,25.627748489379883
2020-02-11,223.5924835205078,26552.9609375,25.985088348388672
2020-02-12,225.77052307128906,26772.11328125,26.324106216430664
2020-02-13,225.48138427734375,26706.361328125,25.756023406982422
2020-02-14,226.1270751953125,26868.541015625,25.994253158569336
2020-02-17,226.1270751953125,26846.625,25.994253158569336
2020-02-18,226.2137908935547,26421.462890625,26.30577850341797
2020-02-19,228.38214111328125,26469.677734375,26.470705032348633
2020-02-20,226.2620086669922,26333.80078125,26.589818954467773
2020-02-21,221.91561889648438,25956.853515625,26.947160720825195
2020-02-24,213.35775756835938,24979.41796875,26.360754013061523
2020-02-25,207.5562286376953,25255.5546875,26.324106216430664
2020-02-26,208.6259002685547,24887.369140625,26.598979949951172
2020-02-27,198.17921447753906,24628.765625,26.626468658447266
2020-02-28,198.33346557617188,23835.41796875,26.17750358581543
2020-03-02,208.56808471679688,24063.345703125,27.084598541259766
2020-03-03,201.87991333007812,24172.921875,27.038785934448242
2020-03-04,210.30279541015625,24720.8125,27.551891326904297
2020-03-05,203.913330078125,24939.96875,27.61602783203125
2020-03-06,200.4728546142578,24440.294921875,27.020462036132812
2020-03-09,186.5471649169922,23410.2578125,26.31494140625
2020-03-10,196.70472717285156,23541.751953125,27.570215225219727
2020-03-11,188.13723754882812,22840.453125,26.544004440307617
2020-03-12,170.8866729736328,22073.40625,24.89474105834961
2020-03-13,185.3617401123047,21503.599609375,26.223316192626953
2020-03-16,163.15765380859375,20723.40234375,23.337100982666016
2020-03-17,175.5318145751953,20258.79296875,24.56488800048828
2020-03-18,170.19281005859375,19145.482421875,23.254638671875
2020-03-19,171.21432495117188,17742.880859375,23.50202751159668
2020-03-20,164.50685119628906,19106.03125,22.585771560668945
2020-03-23,164.6256561279297,17983.95703125,22.77818489074707
2020-03-24,177.37384033203125,19653.92578125,23.85020637512207
2020-03-25,176.0603790283203,20780.376953125,24.005971908569336
2020-03-26,185.33180236816406,20377.13671875,24.56488800048828
2020-03-27,178.957763671875,20868.044921875,23.566165924072266
2020-03-30,185.46701049804688,20745.3203125,23.978483200073242
2020-03-31,183.88314819335938,21113.501953125,23.72193145751953
2020-04-01,176.07003784179688,20122.919921875,23.309614181518555
2020-04-02,179.6433868408203,20740.935546875,24.1800594329834
2020-04-03,177.0938262939453,20688.341796875,23.98764419555664
2020-04-06,189.7550506591797,21512.361328125,24.574050903320312
2020-04-07,189.6777801513672,21849.87109375,24.24419593811035
2020-04-08,193.70509338378906,21529.8984375,24.509912490844727
2020-04-09,193.98516845703125,21871.783203125,24.464101791381836
2020-04-10,193.98516845703125,22055.875,24.464101791381836
2020-04-13,196.0808563232422,21678.921875,24.28084945678711
2020-04-14,204.6086883544922,22055.875,24.775630950927734
2020-04-15,202.26181030273438,22055.875,24.271684646606445
2020-04-16,205.95106506347656,22055.875,24.381637573242188
2020-04-17,207.9212646484375,22726.486328125,24.720651626586914
2020-04-20,205.45852661132812,22454.740234375,24.66567611694336
2020-04-21,197.877197265625,22204.8984375,24.271684646606445
2020-04-22,203.7491455078125,22397.7578125,24.766468048095703
2020-04-23,203.31454467773438,22616.916015625,24.693166732788086
2020-04-24,206.5208740234375,22279.408203125,24.574050903320312
2020-04-27,208.18202209472656,22722.107421875,24.80311393737793
2020-04-28,204.260986328125,22860.25390625,24.84893035888672
2020-04-29,211.5042724609375,23011.759765625,25.142131805419922
2020-04-30,211.41737365722656,23011.759765625,24.66567611694336
2020-05-01,205.45852661132812,23011.759765625,23.81355857849121
2020-05-04,207.85365295410156,22312.138671875,23.95099639892578
2020-05-05,210.21014404296875,22312.138671875,24.29917335510254
2020-05-06,211.5042724609375,22726.5625,25.02301788330078
2020-05-07,214.22772216796875,22673.0859375,25.34370994567871
2020-05-08,217.16366577148438,22869.162109375,25.655237197875977
2020-05-11,219.1049041748047,22704.283203125,25.3895206451416
2020-05-12,214.51751708984375,22543.861328125,25.453657150268555
2020-05-13,211.8326873779297,22802.314453125,25.34370994567871
2020-05-14,214.23736572265625,22561.6875,25.444496154785156
2020-05-15,215.62811279296875,22615.16015625,24.977205276489258
2020-05-18,219.64573669433594,22762.208984375,25.646074295043945
2020-05-19,219.09524536132812,23350.431640625,25.36203384399414
2020-05-20,223.47024536132812,23403.90625,25.554447174072266
2020-05-21,221.0364227294922,23506.396484375,25.02301788330078
2020-05-22,221.79937744140625,23109.794921875,24.6290283203125
2020-05-25,221.79937744140625,23399.447265625,24.6290283203125
2020-05-26,221.2006378173828,23822.783203125,24.793954849243164
2020-05-27,222.40786743164062,23836.15625,24.574050903320312
2020-05-28,222.11814880371094,23907.455078125,24.491586685180664
2020-05-29,225.3727569580078,23862.892578125,24.949716567993164
2020-06-01,226.0487823486328,24335.248046875,25.600261688232422
2020-06-02,227.56507873535156,24589.248046875,25.92095184326172
2020-06-03,228.58880615234375,25489.40234375,26.003414154052734
2020-06-04,226.98565673828125,25520.595703125,25.7102108001709
2020-06-05,231.48611450195312,25948.384765625,26.20499038696289
2020-06-08,233.28245544433594,25912.736328125,26.269126892089844
2020-06-09,234.97256469726562,25926.10546875,26.1591796875
2020-06-10,237.79263305664062,26006.318359375,26.33326530456543
2020-06-11,226.01016235351562,25578.517578125,25.627748489379883
2020-06-12,227.8065185546875,25057.1484375,25.97592544555664
2020-06-15,230.57830810546875,23796.048828125,25.90262794494629
2020-06-16,234.5379638671875,25257.67578125,25.930112838745117
2020-06-17,235.28163146972656,25186.380859375,26.214153289794922
2020-06-18,235.9190216064453,25115.078125,26.443218231201172
2020-06-19,235.88037109375,25115.078125,26.507356643676758
2020-06-22,238.7091827392578,25025.9609375,26.928834915161133
2020-06-23,240.74085998535156,25092.80078125,27.075435638427734
2020-06-24,235.77786254882812,25502.76953125,26.85553550720215
2020-06-25,238.02232360839844,24861.080078125,26.846370697021484
2020-06-26,232.40145874023438,25208.662109375,26.82805061340332
2020-06-29,234.93614196777344,24803.146484375,26.937997817993164
2020-06-30,239.54122924804688,25017.046875,27.222036361694336
2020-07-01,242.33717346191406,25030.416015625,27.81760597229004
2020-07-02,243.98182678222656,25346.798828125,28.532289505004883
2020-07-06,249.9800567626953,25948.384765625,31.73919105529785
2020-07-07,248.25796508789062,25636.453125,31.042837142944336
2020-07-08,251.52796936035156,25560.6953125,31.94993019104004
2020-07-09,253.64663696289062,25681.015625,32.01407241821289
2020-07-10,255.37841796875,25431.470703125,31.555936813354492
2020-07-13,250.1251678466797,25917.19140625,31.986581802368164
2020-07-14,251.89559936523438,25877.0859375,32.041561126708984
2020-07-15,252.40829467773438,26135.544921875,31.720861434936523
2020-07-16,250.68621826171875,25850.3515625,30.254852294921875
2020-07-17,250.97654724121094,26046.423828125,30.328153610229492
2020-07-20,258.0969543457031,25984.0390625,31.244409561157227
2020-07-21,255.40740966796875,26362.8125,31.143625259399414
2020-07-22,256.30718994140625,26264.775390625,30.997026443481445
2020-07-23,249.61244201660156,26108.80859375,31.024513244628906
2020-07-24,247.24217224121094,25966.2109375,30.044113159179688
2020-07-27,251.65365600585938,26215.755859375,30.099088668823242
2020-07-28,248.45147705078125,26763.87109375,29.989139556884766
2020-07-29,251.31504821777344,26902.01171875,30.987857818603516
2020-07-30,252.63087463378906,26937.720703125,30.64884376525879
2020-07-31,257.1392517089844,26723.435546875,30.932880401611328
2020-08-03,260.6123962402344,26723.435546875,31.720861434936523
2020-08-04,261.5797424316406,27044.8671875,31.73919105529785
2020-08-05,262.2279357910156,27339.521484375,31.904117584228516
2020-08-06,265.7012023925781,27772.55859375,32.041561126708984
2020-08-07,262.63427734375,27888.6328125,31.253576278686523
2020-08-10,261.51202392578125,28303.810546875,31.546777725219727
2020-08-11,256.5587158203125,28660.955078125,31.171110153198242
2020-08-12,263.0115051269531,28817.20703125,31.2169246673584
2020-08-13,263.6114807128906,28803.8125,30.960372924804688
2020-08-14,263.3018493652344,28500.23828125,31.290225982666016
2020-08-17,266.3590393066406,28500.23828125,32.27978515625
2020-08-18,268.92279052734375,27910.94921875,32.14234924316406
2020-08-19,267.1136169433594,28009.162109375,31.574264526367188
2020-08-20,270.81890869140625,26928.80078125,31.601757049560547
2020-08-21,272.69580078125,27335.056640625,31.565105438232422
2020-08-24,274.3984680175781,27638.626953125,31.849138259887695
2020-08-25,276.555908203125,28000.234375,32.00490951538086
2020-08-26,282.45745849609375,28004.693359375,31.629243850708008
2020-08-27,281.5770263671875,27754.69921875,31.785001754760742
2020-08-28,283.00885009765625,27902.0234375,32.78372573852539
2020-08-31,285.28240966796875,27451.12109375,32.38057327270508
2020-09-01,290.1584167480469,27665.412109375,32.930328369140625
2020-09-02,292.9058532714844,27808.267578125,32.8936767578125
2020-09-03,278.0555725097656,28227.9140625,32.32559585571289
2020-09-04,274.3501281738281,27835.052734375,32.37141036987305
2020-09-07,274.3501281738281,27960.05859375,32.37141036987305
2020-09-08,261.163818359375,28317.205078125,31.464317321777344
2020-09-09,268.8357238769531,27968.986328125,31.345197677612305
2020-09-10,263.4759216308594,28236.84375,30.78628158569336
2020-09-11,261.6475524902344,28218.990234375,31.262733459472656
2020-09-14,266.2041931152344,28598.455078125,31.74835777282715
2020-09-15,269.9772644042969,28821.673828125,32.25230407714844
2020-09-16,265.6720886230469,28741.318359375,31.995742797851562
2020-09-17,261.52178955078125,28317.205078125,32.00490951538086
2020-09-18,258.18402099609375,28410.953125,32.37141036987305
2020-09-21,258.80322265625,28169.87890625,32.270626068115234
2020-09-22,263.6114807128906,27513.623046875,31.86746597290039
2020-09-23,255.56219482421875,27616.306640625,31.354368209838867
2020-09-24,256.752197265625,26977.900390625,31.015348434448242
2020-09-25,262.72137451171875,27098.443359375,31.079484939575195
2020-09-28,268.17779541015625,27495.763671875,31.317716598510742
2020-09-29,266.968505859375,27754.69921875,31.510128021240234
2020-09-30,268.7969665527344,27754.69921875,31.592588424682617
2020-10-01,273.0635070800781,27754.69921875,32.09653091430664
2020-10-02,265.38189697265625,27754.69921875,31.68421745300293
2020-10-05,271.0414733886719,28058.2734375,32.1240234375
2020-10-06,266.2041931152344,28120.767578125,32.151512145996094
2020-10-07,270.8093566894531,28393.09765625,32.42638397216797
2020-10-08,272.25079345703125,28402.025390625,32.48136520385742
2020-10-09,276.4108581542969,28402.025390625,32.7379150390625
2020-10-12,284.9436950683594,28518.1015625,33.37929916381836
2020-10-13,284.9341125488281,28540.419921875,33.49840545654297
2020-10-14,282.55413818359375,28259.166015625,33.1777229309082
2020-10-15,280.657958984375,28049.33984375,33.1777229309082
2020-10-16,279.1196594238281,27884.16796875,33.36096954345703
2020-10-19,274.5630187988281,27946.6640625,33.040283203125
2020-10-20,275.15313720703125,28143.09375,33.44343566894531
2020-10-21,274.9403076171875,28232.37890625,33.47092056274414
2020-10-22,274.9305725097656,28040.412109375,33.342647552490234
2020-10-23,275.47235107421875,28143.09375,33.159393310546875
2020-10-26,271.34136962890625,28089.525390625,32.52717971801758
2020-10-27,273.4600524902344,27848.44921875,32.72875213623047
2020-10-28,262.798828125,27995.771484375,32.463035583496094
2020-10-29,267.3941955566406,27705.126953125,33.196044921875
2020-10-30,260.6123962402344,26953.921875,32.811214447021484
2020-11-02,261.19287109375,27365.30078125,33.04944610595703
2020-11-03,265.7108154296875,27910.81640625,33.36096954345703
2020-11-04,277.5718078613281,28085.203125,34.49713134765625
2020-11-05,284.8083190917969,28702.259765625,34.90028381347656
2020-11-06,285.0211181640625,28773.802734375,34.67121887207031
2020-11-09,279.197021484375,29135.9921875,35.065208435058594
2020-11-10,274.1954040527344,29131.525390625,34.955265045166016
2020-11-11,280.32904052734375,29601.0234375,34.552101135253906
2020-11-12,279.0132751464844,29457.931640625,34.39634323120117
2020-11-13,281.46087646484375,29766.466796875,34.378013610839844
2020-11-16,283.6570739746094,30401.4140625,34.90028381347656
2020-11-17,282.75732421875,30392.474609375,34.881954193115234
2020-11-18,280.6676330566406,30361.17578125,34.68954086303711
2020-11-19,282.86383056640625,30401.4140625,35.01023483276367
2020-11-20,280.9288330078125,30432.71875,35.15683364868164
2020-11-23,280.9385681152344,31130.2578125,35.28511428833008
2020-11-24,284.88580322265625,31300.177734375,35.23013687133789
2020-11-25,286.6368408203125,31116.84765625,34.82698059082031
2020-11-26,286.6368408203125,31425.37890625,34.82698059082031
2020-11-27,289.2779541015625,31496.923828125,35.367576599121094
2020-11-30,289.8681335449219,31018.470703125,35.09270095825195
2020-12-01,293.5831298828125,31510.341796875,36.09141540527344
2020-12-02,293.9604797363281,32060.322265625,36.14639663696289
2020-12-03,294.3763732910156,32288.3671875,36.05475997924805
2020-12-04,295.5760803222656,32865.1796875,36.20136642456055
2020-12-07,297.2497253417969,33044.0390625,35.96314239501953
2020-12-08,298.2559814453125,32516.412109375,35.76156234741211
2020-12-09,291.5030517578125,33267.609375,34.97358322143555
2020-12-10,292.6737976074219,33003.79296875,35.21180725097656
2020-12-11,292.02557373046875,33289.97265625,34.5612678527832
2020-12-14,294.1443176269531,33160.3046875,35.037723541259766
2020-12-15,297.28851318359375,33160.3046875,35.340087890625
2020-12-16,298.9234313964844,33298.9140625,35.21180725097656
2020-12-17,300.877685546875,33267.609375,35.58747482299805
2020-12-18,299.96826171875,33222.90234375,35.57361602783203
2020-12-21,299.4071960449219,33263.140625,35.5458984375
2020-12-22,300.22125244140625,32722.1015625,35.16706466674805
2020-12-23,298.7093811035156,33187.125,35.453495025634766
2020-12-24,300.02740478515625,33848.8984375,35.490455627441406
2020-12-28,303.05133056640625,34018.8125,35.980167388916016
2020-12-29,303.32269287109375,34595.63671875,35.92473220825195
2020-12-30,303.3323974609375,35324.484375,36.48836898803711
2020-12-31,304.0786437988281,35324.484375,37.015045166015625
2021-01-04,299.7851257324219,36254.546875,37.569435119628906
2021-01-05,302.256591796875,36800.06640625,38.752140045166016
2021-01-06,298.0696105957031,36442.3515625,38.88150405883789
2021-01-07,305.280517578125,37291.921875,39.83320999145508
2021-01-08,309.205810546875,38941.88671875,39.3989372253418
2021-01-11,304.7377624511719,39040.265625,38.87226486206055
2021-01-12,304.25311279296875,38736.20703125,40.359886169433594
2021-01-13,306.3078308105469,38955.296875,39.9163703918457
2021-01-14,304.6698913574219,38906.1171875,39.31577682495117
2021-01-15,302.256591796875,38052.0703125,38.93694305419922
2021-01-18,302.256591796875,37166.7265625,38.93694305419922
2021-01-19,306.66644287109375,38145.9765625,38.98313903808594
2021-01-20,313.7997741699219,38365.06640625,39.3712158203125
2021-01-21,316.30999755859375,38928.4765625,39.90713119506836
2021-01-22,315.39910888671875,38655.71875,39.55601501464844
2021-01-25,318.0061340332031,39581.30078125,39.981048583984375
2021-01-26,318.471435546875,38503.68359375,39.64841079711914
2021-01-27,309.5934143066406,38374.015625,38.927703857421875
2021-01-28,311.4253234863281,37666.703125,38.567344665527344
2021-01-29,304.8734436035156,36820.609375,38.19774627685547
2021-02-01,312.4914245605469,37738.328125,38.73366165161133
2021-02-02,317.5894470214844,38297.91015625,39.40817642211914
2021-02-03,316.32940673828125,38615.75390625,39.47285842895508
2021-02-04,320.0705261230469,37971.10546875,39.241859436035156
2021-02-05,321.1560974121094,38454.59375,39.34349822998047
2021-02-08,323.3077392578125,38078.55859375,40.175086975097656
2021-02-09,323.23980712890625,37948.734375,41.357791900634766
2021-02-10,322.5032653808594,38212.8515625,41.967628479003906
2021-02-11,324.2770080566406,38212.8515625,42.33722686767578
2021-02-12,326.0893859863281,38212.8515625,42.19862747192383
2021-02-15,326.0893859863281,38772.44921875,42.19862747192383
2021-02-16,325.2073974609375,38942.5546875,42.78074264526367
2021-02-17,323.6469421386719,38521.7421875,42.873138427734375
2021-02-18,322.23199462890625,37971.10546875,41.55183792114258
2021-02-19,320.8265686035156,38302.39453125,41.68119812011719
2021-02-22,312.51080322265625,37899.48828125,40.09192657470703
2021-02-23,311.5804443359375,37859.19921875,40.07344436645508
2021-02-24,314.1487121582031,37053.40234375,39.41741180419922
2021-02-25,303.19671630859375,38400.87890625,38.567344665527344
2021-02-26,304.4664001464844,37339.89453125,38.16079330444336
2021-03-01,313.6253967285156,37339.89453125,39.09402084350586
2021-03-02,308.59521484375,37756.234375,38.317867279052734
2021-03-03,299.6397399902344,38177.04296875,38.57659149169922
2021-03-04,294.7355651855469,37689.08203125,37.44007873535156
2021-03-05,299.1744384765625,37487.6328125,37.20907974243164
2021-03-08,290.7037353515625,37133.98046875,35.73069381713867
2021-03-09,302.1693420410156,36901.1875,36.146488189697266
2021-03-10,301.3067321777344,36690.7890625,35.86005401611328
2021-03-11,308.246337890625,37438.38671875,37.015045166015625
2021-03-12,305.7457275390625,37769.671875,36.57152557373047
2021-03-15,309.0119323730469,37586.125,36.04485321044922
2021-03-16,310.70806884765625,37899.48828125,36.349769592285156
2021-03-17,311.9874267578125,37599.5546875,36.43292999267578
2021-03-18,302.4310302734375,37872.62890625,35.97093200683594
2021-03-19,303.4971618652344,37474.2109375,35.721458435058594
2021-03-22,309.18865966796875,37536.87890625,35.9339714050293
2021-03-23,307.83990478515625,37183.21875,35.3980598449707
2021-03-24,302.6480407714844,37013.1015625,34.806705474853516
2021-03-25,302.1240234375,37174.26953125,34.742027282714844
2021-03-26,306.65594482421875,37518.97265625,35.8138542175293
2021-03-29,306.5685119628906,37451.82421875,35.48122024536133
2021-03-30,305.0255432128906,37872.62890625,35.629058837890625
2021-03-31,309.693359375,37769.671875,35.68449401855469
2021-04-01,314.9725036621094,38114.37109375,36.118770599365234
2021-04-02,314.9725036621094,38539.65234375,36.118770599365234
2021-04-05,321.2608642578125,38615.75390625,36.423683166503906
2021-04-06,321.03765869140625,38669.4765625,36.349769592285156
2021-04-07,321.8140869140625,38763.48828125,35.94321060180664
2021-04-08,325.1717529296875,38727.671875,35.869293212890625
2021-04-09,327.1417236328125,38544.125,35.52742004394531
2021-04-12,326.71478271484375,38544.125,34.926822662353516
2021-04-13,330.528564453125,38982.84375,34.936065673828125
2021-04-14,326.5594787597656,39251.43359375,35.1208610534668
2021-04-15,331.508544921875,39287.2578125,35.13010025024414
2021-04-16,331.8968505859375,39264.87890625,35.19478225708008
2021-04-19,328.8593444824219,39260.3984375,35.79537582397461
2021-04-20,326.4623107910156,39506.61328125,35.702972412109375
2021-04-21,329.2572021484375,38799.29296875,36.285091400146484
2021-04-22,325.2882080078125,38857.48828125,36.12800598144531
2021-04-23,329.38336181640625,38879.8828125,36.73784255981445
2021-04-26,331.5280456542969,39233.54296875,36.2388916015625
2021-04-27,330.0918273925781,39278.29296875,36.27584457397461
2021-04-28,328.9758605957031,38861.96875,36.700889587402344
2021-04-29,330.15972900390625,38730.1171875,36.96883773803711
2021-04-30,327.99566650390625,38461.84375,36.562286376953125
2021-05-03,326.2488708496094,38216.3125,36.3312873840332
2021-05-04,320.3777770996094,38539.13671875,36.07257080078125
2021-05-05,319.3005676269531,38539.13671875,36.18345260620117
2021-05-06,321.707275390625,38766.4921875,36.10953140258789
2021-05-07,324.31787109375,39016.56640625,36.04485321044922
2021-05-10,316.1273498535156,39671.3125,35.73069381713867
2021-05-11,315.69061279296875,38975.64453125,35.961692810058594
2021-05-12,307.5196533203125,38329.98828125,35.79537582397461
2021-05-13,309.89715576171875,37888.9375,35.7861328125
2021-05-14,316.7386779785156,38243.59765625,36.83948516845703
2021-05-17,314.8172912597656,38079.90625,37.24604034423828
2021-05-18,312.69207763671875,38530.0546875,37.310726165771484
2021-05-19,313.051025390625,38530.0546875,37.13515853881836
2021-05-20,319.10662841796875,38407.28515625,37.458560943603516
2021-05-21,317.3403015136719,38389.09765625,36.85796356201172
2021-05-24,322.6777038574219,38279.96875,37.301475524902344
2021-05-25,323.1241760253906,38643.7109375,38.74290466308594
2021-05-26,324.2498779296875,38566.41796875,38.853782653808594
2021-05-27,323.0367736816406,38498.21875,38.98313903808594
2021-05-28,324.05572509765625,38734.66015625,38.918460845947266
2021-05-31,324.05572509765625,38884.69921875,38.918460845947266
2021-06-01,322.978515625,39107.5078125,38.89997863769531
2021-06-02,323.609375,39075.6796875,38.511905670166016
2021-06-03,320.2419738769531,39439.421875,38.04991149902344
2021-06-04,325.67626953125,39289.375,38.493431091308594
2021-06-07,326.64678955078125,39430.328125,38.41950607299805
2021-06-08,326.80206298828125,39353.0390625,37.99447250366211
2021-06-09,326.8796691894531,38907.4375,37.97599411010742
2021-06-10,330.28594970703125,39039.30078125,38.33634567260742
2021-06-11,331.1495361328125,39325.74609375,37.7449951171875
2021-06-14,334.3229064941406,39307.5703125,37.661834716796875
2021-06-15,332.13946533203125,39398.49609375,37.20907974243164
2021-06-16,330.9264221191406,39639.48046875,36.349769592285156
2021-06-17,335.12835693359375,39412.1484375,36.599246978759766
2021-06-18,332.4984130859375,39530.359375,36.405208587646484
2021-06-21,334.5649108886719,39148.41796875,36.58076858520508
2021-06-22,337.6837158203125,39416.6875,36.516090393066406
2021-06-23,337.8488464355469,39621.29296875,36.728607177734375
2021-06-24,339.9376525878906,39771.34375,37.051998138427734
2021-06-25,339.5198974609375,39971.40625,37.64336013793945
2021-06-28,343.6490783691406,39930.48828125,37.68031311035156
2021-06-29,344.8926086425781,39775.890625,37.292240142822266
2021-06-30,344.3484802246094,39916.84765625,37.458560943603516
2021-07-01,344.4844970703125,39684.94921875,37.07047653198242
2021-07-02,348.438720703125,39634.94140625,36.50684356689453
2021-07-05,348.438720703125,39821.3515625,36.50684356689453
2021-07-06,349.9447326660156,40003.234375,36.19268798828125
2021-07-07,350.6830749511719,39753.15625,36.95960235595703
2021-07-08,348.5650634765625,39339.39453125,36.18345260620117
2021-07-09,350.74139404296875,38921.078125,36.87644577026367
2021-07-12,352.11126708984375,39271.1953125,37.005802154541016
2021-07-13,352.11126708984375,39603.109375,36.92264175415039
2021-07-14,352.7427673339844,39466.703125,36.69164276123047
2021-07-15,350.2652893066406,39734.96875,37.144405364990234
2021-07-16,347.4283752441406,39566.74609375,36.71012878417969
2021-07-19,344.58172607421875,39121.14453125,36.60848617553711
2021-07-20,348.58453369140625,38993.828125,36.88568115234375
2021-07-21,351.2757873535156,38793.76953125,37.301475524902344
2021-07-22,353.5978088378906,39275.73828125,37.07047653198242
2021-07-23,357.7268371582031,39348.48828125,36.54380798339844
2021-07-26,358.0085754394531,38925.6328125,35.222503662109375
2021-07-27,354.0640869140625,38989.2890625,33.54084014892578
2021-07-28,355.4242858886719,39107.5078125,35.23173904418945
2021-07-29,356.05584716796875,39162.13671875,34.8529052734375
2021-07-30,354.2001037597656,38684.1015625,34.797462463378906
2021-08-02,354.229248046875,38866.20703125,35.416542053222656
2021-08-03,356.37640380859375,39207.66796875,35.44425964355469
2021-08-04,356.891357421875,39758.5390625,35.721458435058594
2021-08-05,359.15509033203125,39685.69140625,35.56437683105469
2021-08-06,357.5810852050781,39499.03125,35.29642105102539
2021-08-09,358.2418212890625,39316.921875,35.83232879638672
2021-08-10,356.4055480957031,39061.97265625,36.146488189697266
2021-08-11,355.7934265136719,38711.421875,36.155731201171875
2021-08-12,357.0758972167969,38556.63671875,35.65677261352539
2021-08-13,358.3292236328125,37905.59765625,35.75841522216797
2021-08-16,358.4847412109375,37905.59765625,35.629058837890625
2021-08-17,355.3271484375,37477.64453125,34.732784271240234
2021-08-18,351.9073486328125,37664.3046875,34.95454406738281
2021-08-19,353.607421875,36913.11328125,35.185543060302734
2021-08-20,357.2702941894531,36553.4453125,34.55723190307617
2021-08-23,362.6138000488281,36881.2421875,35.06542205810547
2021-08-24,363.7214050292969,37582.35546875,35.63829803466797
2021-08-25,364.1391296386719,37700.7265625,35.52742004394531
2021-08-26,361.8267822265625,37418.453125,34.83442687988281
2021-08-27,365.3438720703125,37395.69140625,35.23173904418945
2021-08-30,369.44384765625,37486.7421875,34.82518768310547
2021-08-31,369.142578125,38228.83203125,35.009979248046875
2021-09-01,369.75469970703125,38283.46875,35.57361602783203
2021-09-02,369.5798034667969,37932.91796875,35.435020446777344
2021-09-03,370.716552734375,38178.75,35.370338439941406
2021-09-06,370.716552734375,38310.7890625,35.370338439941406
2021-09-07,371.24127197265625,38083.15234375,36.36825180053711
2021-09-08,369.9490051269531,37750.8046875,36.0910530090332
2021-09-09,368.6763000488281,37081.55859375,36.118770599365234
2021-09-10,365.878173828125,37254.55859375,36.4791259765625
2021-09-13,365.625732421875,37336.50390625,36.41444396972656
2021-09-14,364.58599853515625,37573.25390625,35.702972412109375
2021-09-15,367.296630859375,37627.88671875,35.52742004394531
2021-09-16,367.5492858886719,37300.09765625,34.797462463378906
2021-09-17,363.1966552734375,37395.69140625,35.0007438659668
2021-09-20,355.69189453125,37395.69140625,33.94739532470703
2021-09-21,356.1295166015625,37395.69140625,34.26155471801758
2021-09-22,359.4559020996094,37395.69140625,35.046939849853516
2021-09-23,362.772705078125,37336.50390625,35.15781784057617
2021-09-24,363.1130676269531,37300.09765625,34.926822662353516
2021-09-27,360.21453857421875,37423.01953125,35.370338439941406
2021-09-28,350.0214538574219,36935.87890625,35.046939849853516
2021-09-29,349.447509765625,36448.7421875,34.71430206298828
2021-09-30,348.1636962890625,36598.97265625,35.213260650634766
2021-10-01,350.3228759765625,35916.07421875,34.88986587524414
2021-10-04,342.9698486328125,35916.07421875,34.41862869262695
2021-10-05,347.5995788574219,35383.4140625,34.363189697265625
2021-10-06,349.82696533203125,34837.08984375,34.5849494934082
2021-10-07,353.03662109375,35419.8359375,35.185543060302734
2021-10-08,351.2761535644531,35342.4375,35.878536224365234
2021-10-11,348.5819396972656,35342.4375,35.60133743286133
2021-10-12,347.3662109375,34736.93359375,35.259456634521484
2021-10-13,350.14788818359375,35087.48828125,36.0910530090332
2021-10-14,356.5963439941406,35529.10546875,35.675254821777344
2021-10-15,358.8431396484375,35893.3203125,35.85081100463867
2021-10-18,362.45166015625,35779.4921875,35.462738037109375
2021-10-19,365.1945495605469,36079.9765625,36.26660919189453
2021-10-20,364.7179870605469,35920.625,36.03561019897461
2021-10-21,366.94525146484375,35856.88671875,35.97093200683594
2021-10-22,363.86199951171875,35888.7578125,36.34053039550781
2021-10-25,367.587158203125,36075.41796875,36.50684356689453
2021-10-26,368.74462890625,36412.30859375,36.3312873840332
2021-10-27,369.6005554199219,36107.29296875,35.776893615722656
2021-10-28,373.7050476074219,36006.921875,35.897010803222656
2021-10-29,375.5432434082031,35427.48828125,35.8138542175293
2021-11-01,376.8271484375,35573.48046875,35.897010803222656
2021-11-02,378.4028625488281,36047.97265625,35.36109924316406
2021-11-03,382.4198303222656,35536.98046875,35.370338439941406
2021-11-04,387.3219299316406,35737.734375,35.5181770324707
2021-11-05,387.69146728515625,35582.609375,35.37957763671875
2021-11-08,387.1661682128906,35536.98046875,35.71221923828125
2021-11-09,384.50128173828125,35628.23046875,35.40729522705078
2021-11-10,378.8502197265625,35249.55078125,35.213260650634766
2021-11-11,379.9007263183594,35244.984375,36.10029220581055
2021-11-12,383.89825439453125,35619.10546875,35.95245361328125
2021-11-15,383.81072998046875,36029.72265625,35.869293212890625
2021-11-16,386.54376220703125,35965.85546875,35.749176025390625
2021-11-17,386.74810791015625,35514.171875,35.86005401611328
2021-11-18,390.7552795410156,35368.171875,35.324134826660156
2021-11-19,392.9340515136719,35628.23046875,35.739933013916016
2021-11-22,388.37237548828125,36454.04296875,35.86005401611328
2021-11-23,386.60211181640625,36134.671875,35.83232879638672
2021-11-24,387.84716796875,36061.66015625,35.869293212890625
2021-11-25,387.84716796875,35797.03515625,35.869293212890625
2021-11-26,380.4940185546875,35140.05078125,35.29642105102539
2021-11-29,388.75164794921875,34861.73046875,35.435020446777344
2021-11-30,383.0423583984375,34154.55859375,35.555137634277344
2021-12-01,376.52569580078125,34975.79296875,35.31489944458008
2021-12-02,379.2392883300781,35527.85546875,35.61057662963867
2021-12-03,372.6448974609375,35797.03515625,35.80461502075195
2021-12-06,375.6308898925781,35865.4765625,36.31280517578125
2021-12-07,386.94256591796875,36162.046875,36.41444396972656
2021-12-08,388.673828125,36321.72265625,37.07972717285156
2021-12-09,382.9548645019531,36431.2265625,37.34767532348633
2021-12-10,387.11767578125,36230.484375,37.255279541015625
2021-12-13,381.52508544921875,36257.84375,37.329200744628906
2021-12-14,377.5761413574219,36052.54296875,37.06124496459961
2021-12-15,386.1839294433594,36061.66015625,36.80252456665039
2021-12-16,376.2532958984375,36271.53515625,36.96883773803711
2021-12-17,374.37615966796875,36362.78515625,36.3397216796875
2021-12-20,370.74456787109375,35692.109375,35.95759582519531
2021-12-21,379.0419616699219,35965.85546875,36.25584030151367
2021-12-22,383.6581115722656,36157.47265625,36.31175994873047
2021-12-23,386.5505676269531,36335.4140625,36.44224548339844
2021-12-24,386.5505676269531,36604.59375,36.44224548339844
2021-12-27,392.93927001953125,36390.16015625,36.321083068847656
2021-12-28,391.1180725097656,36686.7265625,36.572731018066406
2021-12-29,391.05950927734375,36604.59375,35.9389533996582
2021-12-30,389.8908996582031,36381.03515625,36.41428756713867
2021-12-31,387.4562072753906,36381.03515625,36.432926177978516
2022-01-03,391.18621826171875,36381.03515625,36.3676872253418
2022-01-04,386.1123046875,36444.90625,36.03215789794922
2022-01-05,374.25054931640625,35924.78515625,35.53818130493164
2022-01-06,373.9875183105469,35564.34765625,35.389060974121094
2022-01-07,369.936279296875,36011.4765625,35.59410095214844
2022-01-10,370.1797180175781,35737.734375,35.491580963134766
2022-01-11,375.7406005859375,35842.6640625,35.389060974121094
2022-01-12,377.2305603027344,36431.2265625,36.041473388671875
2022-01-13,367.7936706542969,36244.1640625,34.99760437011719
2022-01-14,370.08233642578125,35682.98828125,34.90439987182617
2022-01-17,370.08233642578125,35422.92578125,34.90439987182617
2022-01-18,360.8695068359375,35149.171875,35.33313751220703
2022-01-19,356.90582275390625,34893.671875,35.19333267211914
2022-01-20,352.27020263671875,35098.98046875,35.650020599365234
2022-01-21,342.5021057128906,34702.0546875,35.11876678466797
2022-01-24,344.0700988769531,34309.6796875,35.18400955200195
2022-01-25,336.09405517578125,33474.75,34.60615539550781
2022-01-26,335.56817626953125,33369.8203125,34.690040588378906
2022-01-27,332.1888732910156,32268.455078125,33.9537353515625
2022-01-28,342.60931396484375,33132.1796875,33.525001525878906
2022-01-31,353.5653381347656,33132.1796875,33.963050842285156
2022-02-01,355.9708557128906,33132.1796875,34.0096549987793
2022-02-02,358.8633117675781,33132.1796875,34.04693603515625
2022-02-03,344.3135681152344,33452.07421875,33.869850158691406
2022-02-04,348.65704345703125,33890.7890625,34.04693603515625
2022-02-07,345.8523254394531,33543.4765625,34.05625534057617
2022-02-08,349.7381591796875,33607.453125,34.05625534057617
2022-02-09,357.14923095703125,34073.5859375,34.4290657043457
2022-02-10,349.06610107421875,34356.921875,34.233341217041016
2022-02-11,337.9930725097656,34037.0234375,33.57160186767578
2022-02-14,338.4118957519531,34037.0234375,33.422481536865234
2022-02-15,346.82623291015625,33374.37890625,34.07489776611328
2022-02-16,346.73858642578125,33977.62109375,34.21470260620117
2022-02-17,336.4251708984375,34196.9765625,34.05625534057617
2022-02-18,332.5881652832031,34069.015625,34.31722640991211
2022-02-21,332.5881652832031,34091.8671875,34.31722640991211
2022-02-22,329.2477722167969,33598.31640625,33.776649475097656
2022-02-23,320.8139953613281,33717.1328125,33.981693267822266
2022-02-24,331.59478759765625,32835.12890625,33.627525329589844
2022-02-25,336.73687744140625,33205.29296875,34.13081741333008
2022-02-28,337.73992919921875,33456.6484375,34.14945602416992
2022-03-01,332.5686950683594,33456.6484375,34.10285949707031
2022-03-02,338.1489562988281,33319.53515625,34.028297424316406
2022-03-03,333.31854248046875,33954.76953125,33.50636291503906
2022-03-04,328.4881591796875,33429.21875,33.11491012573242
2022-03-07,316.37310791015625,32679.748046875,31.819393157958984
2022-03-08,314.9025573730469,32254.75,31.502504348754883
2022-03-09,326.23846435546875,32254.75,31.39066505432129
2022-03-10,322.61566162109375,32921.953125,31.362701416015625
2022-03-11,315.9252014160156,32798.56640625,31.17629623413086
2022-03-14,309.8578796386719,32739.169921875,29.890098571777344
2022-03-15,319.57720947265625,32455.82421875,28.79962730407715
2022-03-16,331.42926025390625,32940.234375,31.642311096191406
2022-03-17,335.44158935546875,33438.35546875,31.07377052307129
2022-03-18,342.307373046875,33511.48046875,31.679588317871094
2022-03-21,341.3558044433594,33168.73828125,31.26017951965332
2022-03-22,348.06427001953125,33470.359375,31.409299850463867
2022-03-23,343.0621032714844,33762.828125,31.194936752319336
2022-03-24,350.687255859375,33607.453125,31.17629623413086
2022-03-25,350.39471435546875,33470.359375,30.607757568359375
2022-03-28,355.816162109375,33493.2109375,30.337472915649414
2022-03-29,361.93963623046875,33666.859375,30.458635330200195
2022-03-30,357.9417724609375,33785.6796875,31.20425796508789
2022-03-31,353.50518798828125,33890.7890625,30.840763092041016
2022-04-01,352.8323974609375,33630.296875,31.409299850463867
2022-04-04,360.09674072265625,33790.25390625,31.502504348754883
2022-04-05,352.1011047363281,33758.26171875,31.027172088623047
2022-04-06,344.45654296875,33410.9453125,31.064455032348633
2022-04-07,345.27557373046875,32972.2265625,30.78484535217285
2022-04-08,340.4489440917969,32995.078125,30.868724822998047
2022-04-11,332.39483642578125,32995.078125,29.890098571777344
2022-04-12,330.99066162109375,32684.322265625,30.43999481201172
2022-04-13,337.71875,33305.828125,30.505237579345703
2022-04-14,329.99603271484375,33118.46484375,30.523876190185547
2022-04-15,329.99603271484375,32725.455078125,30.523876190185547
2022-04-18,330.24957275390625,32752.875,30.430675506591797
2022-04-19,337.6309509277344,33136.74609375,29.99262237548828
2022-04-20,332.706787109375,33109.33203125,29.42408561706543
2022-04-21,325.8227233886719,33255.5703125,28.631860733032227
2022-04-22,317.290771484375,32889.96875,28.547977447509766
2022-04-25,321.3666687011719,32364.4296875,26.96353530883789
2022-04-26,309.23663330078125,32501.529296875,26.54412078857422
2022-04-27,308.86614990234375,32117.65234375,27.578672409057617
2022-04-28,319.8358154296875,32437.52734375,27.410907745361328
2022-04-29,305.44354248046875,32924.29296875,27.942163467407227
2022-05-02,310.5433349609375,32924.29296875,27.89556121826172
2022-05-03,310.874755859375,32720.310546875,28.24040985107422
2022-05-04,321.3861999511719,32799.125,28.37089729309082
2022-05-05,305.19976806640625,32799.125,27.532072067260742
2022-05-06,301.5433349609375,32344.80078125,27.18722152709961
2022-05-09,289.7447204589844,32344.80078125,26.572080612182617
2022-05-10,293.2648620605469,31871.94140625,27.04741859436035
2022-05-11,284.5671691894531,31867.30859375,27.308382034301758
2022-05-12,283.8942565917969,31343.4453125,27.224498748779297
2022-05-13,294.41546630859375,32085.19921875,27.61595344543457
2022-05-16,291.0026550292969,31960.021484375,27.373628616333008
2022-05-17,298.5400390625,32270.630859375,27.89556121826172
2022-05-18,283.88458251953125,32330.8984375,27.327022552490234
2022-05-19,282.3634338378906,31867.30859375,28.081966400146484
2022-05-20,281.4858703613281,32437.52734375,28.529340744018555
2022-05-23,286.166259765625,32544.158203125,28.57594108581543
2022-05-24,280.08172607421875,31941.490234375,27.876920700073242
2022-05-25,284.0015563964844,32075.921875,27.83963966369629
2022-05-26,291.8704528808594,31969.296875,27.93284034729004
2022-05-27,301.3970031738281,32307.716796875,28.10060691833496
2022-05-30,301.3970031738281,32729.59765625,28.10060691833496
2022-05-31,300.5973815917969,32859.40234375,28.762346267700195
2022-06-01,298.374267578125,32859.40234375,28.49205780029297
2022-06-02,306.5453796386719,32502.423828125,29.20039939880371
2022-06-03,298.56927490234375,32683.2265625,28.976713180541992
2022-06-06,299.5638122558594,32683.2265625,29.34020233154297
2022-06-07,302.1477966308594,32075.921875,29.67573356628418
2022-06-08,299.97344970703125,32145.458984375,29.59185218811035
2022-06-09,291.9387512207031,32048.11328125,29.04195213317871
2022-06-10,281.6419372558594,31718.96484375,29.377483367919922
2022-06-13,268.54656982421875,30597.0625,28.73438262939453
2022-06-14,269.0341796875,30476.529296875,29.358842849731445
2022-06-15,275.7524719238281,29934.130859375,30.374752044677734
2022-06-16,264.6268005371094,29915.5859375,29.79689598083496
2022-06-17,267.8445129394531,29693.06640625,30.356111526489258
2022-06-20,267.8445129394531,29215.560546875,30.356111526489258
2022-06-21,274.6020812988281,29382.455078125,30.561159133911133
2022-06-22,274.20159912109375,28640.70703125,30.07650375366211
2022-06-23,278.2851867675781,28408.908203125,30.691640853881836
2022-06-24,287.8202209472656,29006.9453125,31.20425796508789
2022-06-27,285.7101135253906,29377.8203125,31.297460556030273
2022-06-28,277.0054016113281,29604.9765625,31.34406280517578
2022-06-29,277.25946044921875,29108.935546875,31.148334503173828
2022-06-30,273.820556640625,28626.80078125,31.847349166870117
2022-07-01,275.6278991699219,28334.736328125,31.69822883605957
2022-07-04,275.6278991699219,28344.009765625,31.69822883605957
2022-07-05,280.3465881347656,28793.693359375,31.614343643188477
2022-07-06,282.1441955566406,28140.03125,31.09241485595703
2022-07-07,288.1817932128906,28705.607421875,31.586387634277344
2022-07-08,288.54327392578125,28863.228515625,31.409299850463867
2022-07-11,282.3786315917969,28700.97265625,30.486595153808594
2022-07-12,279.6431884765625,28427.453125,30.16970443725586
2022-07-13,279.0668029785156,28575.806640625,30.262908935546875
2022-07-14,280.0633239746094,28473.810546875,30.095144271850586
2022-07-15,285.1434020996094,28645.345703125,29.64777183532715
2022-07-18,282.7303466796875,29280.462890625,29.8994197845459
2022-07-19,291.42523193359375,29183.11328125,29.98329734802246
2022-07-20,296.0462341308594,29401.0,29.74097442626953
2022-07-21,300.2960205078125,29720.875,29.59185218811035
2022-07-22,295.03021240234375,29535.443359375,29.507966995239258
2022-07-25,293.3498229980469,29651.3359375,29.53592872619629
2022-07-26,287.5858459472656,29757.96484375,29.526607513427734
2022-07-27,299.7391662597656,29767.232421875,29.74097442626953
2022-07-28,302.6700134277344,29897.041015625,29.582529067993164
2022-07-29,308.1897888183594,30026.84765625,29.191078186035156
2022-08-01,308.004150390625,30012.9375,28.99535369873047
2022-08-02,307.0857849121094,29850.68359375,28.68778419494629
2022-08-03,315.4486083984375,30059.302734375,28.482738494873047
2022-08-04,316.9237060546875,30212.28515625,28.78098487854004
2022-08-05,314.3348083496094,30411.630859375,29.097875595092773
2022-08-08,313.3187255859375,30356.0,29.0512752532959
2022-08-09,309.7724304199219,30453.349609375,29.07923698425293
2022-08-10,318.41845703125,30096.388671875,29.07923698425293
2022-08-11,316.6111145019531,30597.0625,29.40544319152832
2022-08-12,322.7757263183594,30712.96484375,29.545249938964844
2022-08-15,325.3841247558594,30712.96484375,29.153797149658203
2022-08-16,324.6221618652344,30791.7734375,29.1817569732666
2022-08-17,320.91943359375,30634.15625,29.3681640625
2022-08-18,321.69122314453125,30518.25390625,29.116518020629883
2022-08-19,315.4192199707031,30342.087890625,28.659822463989258
2022-08-22,307.1150817871094,29948.037109375,28.77166748046875
2022-08-23,306.86114501953125,29572.52734375,28.93943214416504
2022-08-24,307.7501525878906,29693.06640625,28.24040985107422
2022-08-25,313.1917724609375,30040.751953125,28.659822463989258
2022-08-26,300.35467529296875,30059.302734375,28.1751708984375
2022-08-29,297.3944396972656,29336.09375,28.03536605834961
2022-08-30,294.0824890136719,29655.9765625,27.746437072753906
2022-08-31,292.3728942871094,29883.1328125,27.830320358276367
2022-09-01,292.4999084472656,29206.2890625,27.82099723815918
2022-09-02,288.367431640625,29044.03125,27.466827392578125
2022-09-05,288.367431640625,29044.03125,27.466827392578125
2022-09-06,286.29620361328125,29044.03125,27.457509994506836
2022-09-07,292.0798034667969,28622.16796875,27.72779655456543
2022-09-08,293.5941162109375,28677.796875,27.65323257446289
2022-09-09,300.0126953125,28677.796875,28.072647094726562
2022-09-12,303.5785217285156,28677.796875,28.15652847290039
2022-09-13,286.9312744140625,29581.80078125,27.61595344543457
2022-09-14,289.20751953125,28997.673828125,27.746437072753906
2022-09-15,284.3912353515625,28835.416015625,27.233821868896484
2022-09-16,282.6522521972656,28631.435546875,26.628005981445312
2022-09-19,284.85333251953125,28427.453125,26.68392562866211
2022-09-20,282.582763671875,28524.806640625,26.450918197631836
2022-09-21,277.5227355957031,28260.564453125,26.078107833862305
2022-09-22,274.1070861816406,27954.58984375,25.91966438293457
2022-09-23,269.6441955566406,27611.533203125,25.43501091003418
2022-09-26,268.5284729003906,26934.6875,25.35112762451172
2022-09-27,268.63616943359375,26985.681640625,25.686656951904297
2022-09-28,273.9798889160156,26322.74609375,25.621416091918945
2022-09-29,266.0816345214844,26332.017578125,25.640058517456055
2022-09-30,261.56982421875,26216.125,25.248605728149414
2022-10-03,267.70635986328125,26216.125,25.35112762451172
2022-10-04,276.123291015625,26851.244140625,26.180633544921875
2022-10-05,275.9764099121094,26855.87890625,26.357717514038086
2022-10-06,273.8037109375,27152.578125,26.161991119384766
2022-10-07,263.3706970214844,27050.58984375,25.649375915527344
2022-10-10,260.7379150390625,27050.58984375,24.689388275146484
2022-10-11,257.1558532714844,26498.912109375,24.577547073364258
2022-10-12,257.0677490234375,26726.078125,24.801233291625977
2022-10-13,263.09661865234375,26299.568359375,24.959678649902344
2022-10-14,255.18862915039062,26939.32421875,25.15540313720703
2022-10-17,263.6153259277344,26957.869140625,25.518892288208008
2022-10-18,265.7000427246094,27305.5625,25.15540313720703
2022-10-19,264.73101806640625,27083.0390625,24.521623611450195
2022-10-20,263.3804626464844,26818.79296875,24.652109146118164
2022-10-21,269.55609130859375,26874.423828125,24.791913986206055
2022-10-24,272.5215759277344,27124.763671875,23.57095718383789
2022-10-25,278.158935546875,27166.482421875,23.57095718383789
2022-10-26,272.01263427734375,27351.923828125,24.176773071289062
2022-10-27,267.0603942871094,27909.841796875,23.59891700744629
2022-10-28,275.23260498046875,27550.5859375,23.0863037109375
2022-10-31,272.0322570800781,27961.1640625,22.573688507080078
2022-11-01,269.25274658203125,28385.734375,23.384552001953125
2022-11-02,260.0234375,28334.412109375,23.589595794677734
2022-11-03,254.9439697265625,28175.78125,23.692119598388672
2022-11-04,259.04473876953125,28423.056640625,25.332489013671875
2022-11-07,261.8927917480469,28726.328125,24.801233291625977
2022-11-08,263.80133056640625,29141.56640625,24.652109146118164
2022-11-09,257.7137145996094,29430.837890625,24.139493942260742
2022-11-10,276.7300109863281,29062.25,25.090158462524414
2022-11-11,281.82916259765625,30228.662109375,25.556175231933594
2022-11-14,279.36279296875,30037.3671875,25.54685401916504
2022-11-15,283.22869873046875,30121.3515625,26.217912673950195
2022-11-16,279.36279296875,30065.365234375,25.584135055541992
2022-11-17,278.7461242675781,29668.78515625,25.4443302154541
2022-11-18,278.7560119628906,29603.462890625,25.369768142700195
2022-11-21,275.8883361816406,29374.8515625,24.968997955322266
2022-11-22,279.8619079589844,29164.8984375,25.12744140625
2022-11-23,282.6708068847656,29360.8515625,25.080839157104492
2022-11-24,282.6708068847656,29636.125,25.080839157104492
2022-11-25,280.811279296875,29514.82421875,24.791913986206055
2022-11-28,276.69091796875,29155.564453125,24.50298500061035
2022-11-29,274.5964050292969,29486.82421875,25.714618682861328
2022-11-30,287.11419677734375,29930.0625,26.394996643066406
2022-12-01,287.4665222167969,30107.359375,26.264514923095703
2022-12-02,286.3214111328125,29435.50390625,26.572080612182617
2022-12-05,281.5158996582031,29342.189453125,26.730527877807617
2022-12-06,275.68280029296875,28968.9375,27.019454956054688
2022-12-07,274.5573425292969,28805.642578125,26.97285270690918
2022-12-08,277.8066101074219,28805.642578125,27.075376510620117
2022-12-09,276.0351867675781,29141.56640625,26.926252365112305
2022-12-12,279.49969482421875,28959.60546875,26.7957706451416
2022-12-13,282.50433349609375,28936.279296875,26.833051681518555
2022-12-14,280.4100341796875,29262.873046875,27.028776168823242
2022-12-15,270.99481201171875,28777.646484375,26.786449432373047
2022-12-16,268.4110412597656,28642.34375,26.792104721069336
2022-12-19,264.63885498046875,28647.01171875,26.39630126953125
2022-12-20,264.4328918457031,28409.064453125,26.113582611083984
2022-12-21,268.26873779296875,28339.076171875,26.12300682067871
2022-12-22,261.7055358886719,28707.666015625,25.708358764648438
2022-12-23,262.29412841796875,28213.10546875,25.86856460571289
2022-12-26,262.29412841796875,28255.09765625,25.86856460571289
2022-12-27,258.5858459472656,28455.720703125,26.59420394897461
2022-12-28,255.17173767089844,28119.791015625,26.066465377807617
2022-12-29,261.3916015625,27615.90625,26.358604431152344
2022-12-30,261.2346496582031,27615.90625,26.405725479125977
2023-01-02,261.2346496582031,27452.611328125,26.405725479125977
2023-01-03,259.4687805175781,27452.611328125,26.669591903686523
2023-01-04,260.704833984375,28031.146484375,27.14078712463379
2023-01-05,256.6236877441406,28255.09765625,27.470623016357422
2023-01-06,263.7068786621094,28558.36328125,28.00778579711914
2023-01-09,265.4139709472656,29328.1953125,28.215110778808594
2023-01-10,267.6605529785156,29365.517578125,28.290502548217773
2023-01-11,272.291015625,29416.841796875,28.36589241027832
2023-01-12,273.76263427734375,29500.822265625,28.639184951782227
2023-01-13,275.6462707519531,29715.4375,29.07268524169922
2023-01-16,275.6462707519531,29953.38671875,29.07268524169922
2023-01-17,276.2054748535156,29715.4375,29.195192337036133
2023-01-18,272.6148376464844,29524.150390625,28.99729347229004
2023-01-19,269.93658447265625,29706.111328125,29.30828094482422
2023-01-20,277.32391357421875,29902.06640625,29.59099769592285
2023-01-23,283.48486328125,29902.06640625,29.741779327392578
2023-01-24,282.90606689453125,29902.06640625,29.704084396362305
2023-01-25,282.2781677246094,30373.296875,29.892562866210938
2023-01-26,287.7818603515625,30793.201171875,30.241247177124023
2023-01-27,290.6465759277344,31035.822265625,30.16585350036621
2023-01-30,284.7701110839844,30544.81640625,29.5721492767334
2023-01-31,289.03759765625,30072.51953125,29.411943435668945
2023-02-01,295.21832275390625,30399.853515625,29.817171096801758
2023-02-02,305.8136291503906,30727.1875,29.336551666259766
2023-02-03,300.37860107421875,30853.447265625,28.582643508911133
2023-02-06,297.837646484375,30152.01953125,28.384740829467773
2023-02-07,304.008544921875,30339.064453125,28.582643508911133
2023-02-08,298.6028747558594,30811.361328125,28.31877326965332
2023-02-09,295.9638977050781,30713.162109375,28.893630981445312
2023-02-10,294.02142333984375,30633.6640625,28.41301155090332
2023-02-13,298.73046875,30451.294921875,29.025564193725586
2023-02-14,300.93780517578125,30633.6640625,28.846511840820312
2023-02-15,303.2433166503906,30053.818359375,28.573219299316406
2023-02-16,297.5531921386719,30652.37109375,28.224536895751953
2023-02-17,295.4537048339844,30381.1484375,27.725069046020508
2023-02-20,295.4537048339844,30484.02734375,27.725069046020508
2023-02-21,288.4587707519531,30441.94140625,28.356468200683594
2023-02-22,288.6746826171875,29913.53515625,28.08317756652832
2023-02-23,291.19598388671875,30292.302734375,28.02663230895996
2023-02-24,286.3201904296875,30021.08203125,27.272720336914062
2023-02-27,288.37054443359375,29754.544921875,27.5460147857666
2023-02-28,287.9977722167969,29838.712890625,27.64967918395996
2023-03-01,285.68243408203125,29838.712890625,28.422435760498047
2023-03-02,288.0467529296875,29913.53515625,28.328197479248047
2023-03-03,294.0018005371094,29979.0,28.431861877441406
2023-03-06,294.3353576660156,30399.853515625,27.80988311767578
2023-03-07,290.7250671386719,30240.865234375,27.150211334228516
2023-03-08,292.1770324707031,29810.658203125,27.300992965698242
2023-03-09,287.11480712890625,29717.1328125,26.980581283569336
2023-03-10,283.0826416015625,29394.474609375,27.008853912353516
2023-03-13,285.1820373535156,29632.962890625,27.48004913330078
2023-03-14,291.7355041503906,28940.88671875,27.45177459716797
2023-03-15,293.2659606933594,29305.630859375,27.06539535522461
2023-03-16,300.9967041015625,29198.080078125,27.06539535522461
2023-03-17,299.57415771484375,29534.763671875,26.990005493164062
2023-03-20,300.6373596191406,29319.66015625,27.187908172607422
2023-03-21,304.93115234375,29394.474609375,27.35753631591797
2023-03-22,300.7846374511719,29763.89453125,27.423505783081055
2023-03-23,304.3514404296875,29852.7421875,27.88527488708496
2023-03-24,305.4715270996094,29749.865234375,27.659103393554688
2023-03-27,303.378662109375,29614.255859375,27.4988956451416
2023-03-28,301.7672119140625,29960.294921875,27.583711624145508
2023-03-29,307.2696533203125,30007.05859375,27.536590576171875
2023-03-30,310.17803955078125,30217.486328125,27.88527488708496
2023-03-31,315.33660888671875,30572.875,27.7816104888916
2023-04-03,314.57012939453125,30418.55859375,28.130294799804688
2023-04-04,313.5089416503906,30558.84375,28.281078338623047
2023-04-05,310.4139099121094,30731.865234375,28.158565521240234
2023-04-06,312.5067443847656,30184.75,28.224536895751953
2023-04-07,312.5067443847656,30699.1328125,28.224536895751953
2023-04-10,312.329833984375,30993.732421875,28.167991638183594
2023-04-11,310.32537841796875,31400.560546875,28.139720916748047
2023-04-12,307.5841064453125,31498.763671875,27.970090866088867
2023-04-13,313.60723876953125,31559.55078125,28.19626235961914
2023-04-14,313.0177001953125,31671.775390625,28.08317756652832
2023-04-17,313.282958984375,31681.125,28.460132598876953
2023-04-18,313.3026123046875,31634.3671875,28.51667594909668
2023-04-19,313.1552734375,31657.744140625,28.19626235961914
2023-04-20,310.7676086425781,31564.22265625,28.092599868774414
2023-04-21,311.0918273925781,31405.234375,27.50832176208496
2023-04-24,310.443359375,31190.126953125,27.206754684448242
2023-04-25,304.5871887207031,30797.33203125,26.792104721069336
2023-04-26,306.4344787597656,30764.59765625,26.858070373535156
2023-04-27,314.7666931152344,30868.8828125,27.225603103637695
2023-04-28,316.93817138671875,30930.5078125,27.50832176208496
2023-05-01,316.5745849609375,30930.5078125,27.291568756103516
2023-05-02,313.81353759765625,31267.0703125,27.178483963012695
2023-05-03,311.7599792480469,30987.39453125,27.178483963012695
2023-05-04,310.6595153808594,30868.8828125,27.48004913330078
2023-05-05,317.262451171875,30868.8828125,27.442352294921875
2023-05-08,318.0484313964844,31257.591796875,27.659103393554688
2023-05-09,316.03424072265625,31162.78515625,27.489471435546875
2023-05-10,319.4731750488281,30968.427734375,27.244449615478516
2023-05-11,320.5146789550781,30883.103515625,27.16905975341797
2023-05-12,319.3650817871094,30736.15625,26.575355529785156
2023-05-15,321.09442138671875,30821.48046875,27.23502540588379
2023-05-16,321.4580078125,30906.806640625,26.867494583129883
2023-05-17,325.34893798828125,31006.353515625,26.63189697265625
2023-05-18,331.3917541503906,31006.353515625,26.405725479125977
2023-05-19,330.6450500488281,31745.845703125,26.518810272216797
2023-05-22,331.75537109375,31949.67578125,26.556509017944336
2023-05-23,327.5498962402344,32044.474609375,26.02876853942871
2023-05-24,325.8697509765625,32044.474609375,25.62354278564453
2023-05-25,333.799072265625,31897.525390625,25.45391273498535
2023-05-26,342.3277587890625,32006.556640625,25.69893455505371
2023-05-30,343.8802795410156,32437.9296875,25.350250244140625
2023-05-31,341.9249267578125,32205.6484375,25.19004249572754
2023-06-01,345.8748779296875,32101.365234375,25.38794708251953
2023-06-02,348.4688415527344,32513.771484375,25.69893455505371
2023-06-05,348.7145080566406,32608.572265625,25.510454177856445
2023-06-06,348.655517578125,32608.572265625,25.38794708251953
2023-06-07,342.740478515625,32537.47265625,25.010990142822266
2023-06-08,346.9949645996094,32494.810546875,25.40679359436035
2023-06-09,348.32147216796875,32926.1796875,25.303131103515625
2023-06-12,354.2070617675781,32712.86328125,25.35967254638672
2023-06-13,356.92877197265625,32869.2890625,25.519880294799805
2023-06-14,359.5227966308594,32708.123046875,25.708358764648438
2023-06-15,363.8067932128906,32594.353515625,26.283212661743164
2023-06-16,361.5173645019531,32750.783203125,26.30206298828125
2023-06-19,361.5173645019531,32570.65625,26.30206298828125
2023-06-20,360.9999084472656,32513.771484375,25.783748626708984
2023-06-21,356.08026123046875,32210.388671875,25.538726806640625
2023-06-22,360.2815856933594,32290.978515625,25.416217803955078
2023-06-23,356.7099914550781,32134.544921875,25.1523494720459
2023-06-26,351.9281005859375,32295.71875,24.973295211791992
2023-06-27,357.979248046875,32281.49609375,25.303131103515625
2023-06-28,358.6777648925781,32106.1015625,25.180618286132812
2023-06-29,357.9595642089844,32101.365234375,24.992143630981445
2023-06-30,363.4793701171875,32196.16796875,25.21831512451172
2023-07-03,364.33538818359375,32196.16796875,25.48218536376953
2023-07-05,364.32550048828125,32196.16796875,25.340824127197266
2023-07-06,361.5508728027344,32196.16796875,25.09580421447754
2023-07-07,360.35052490234375,31560.96875,25.274858474731445
2023-07-10,360.4685363769531,31508.82421875,25.40679359436035
2023-07-11,362.24945068359375,31508.82421875,25.566999435424805
2023-07-12,366.8246765136719,31508.82421875,25.727205276489258
2023-07-13,373.0528564453125,31508.82421875,26.16070556640625
2023-07-14,372.97418212890625,33044.6796875,25.906259536743164
2023-07-17,376.45721435546875,32916.703125,25.774324417114258
2023-07-18,379.5368957519531,32916.703125,25.55757713317871
2023-07-19,379.4483337402344,32665.45703125,25.48218536376953
2023-07-20,370.7012939453125,32565.912109375,25.4350643157959
2023-07-21,369.5894775390625,32599.095703125,25.340824127197266
2023-07-24,370.17987060546875,32812.4140625,25.651813507080078
2023-07-25,372.6888122558594,32812.4140625,26.27379035949707
2023-07-26,371.4490661621094,32442.666015625,26.30206298828125
2023-07-27,370.56353759765625,32442.666015625,25.896835327148438
2023-07-28,377.3132629394531,32689.169921875,27.008853912353516
2023-07-31,377.5100402832031,32689.169921875,26.990005493164062
2023-08-01,376.63427734375,32689.169921875,26.59420394897461
2023-08-02,368.3694152832031,32689.169921875,26.33033561706543
2023-08-03,367.779052734375,32433.185546875,26.914615631103516
2023-08-04,366.05718994140625,32437.9296875,26.84864616394043
2023-08-07,369.1565856933594,32357.34375,26.518810272216797
2023-08-08,366.01788330078125,32087.14453125,26.29263687133789
2023-08-09,361.9935607910156,32437.9296875,26.30206298828125
2023-08-10,362.6626892089844,32333.638671875,26.339759826660156
2023-08-11,360.35052490234375,32229.345703125,25.444488525390625
2023-08-14,364.3944091796875,31940.1953125,25.35967254638672
2023-08-15,360.5275573730469,31940.1953125,25.029836654663086
2023-08-16,356.7099914550781,31461.421875,24.775394439697266
2023-08-17,352.8135681152344,31366.619140625,25.02041244506836
2023-08-18,352.3708801269531,31200.70703125,24.68115234375
2023-08-21,358.0481262207031,31224.40625,24.539794921875
2023-08-22,357.5364685058594,31347.65625,24.426708221435547
2023-08-23,363.1742858886719,31281.291015625,24.351318359375
2023-08-24,355.4111633300781,31707.91796875,24.3984375
2023-08-25,358.1661682128906,31361.876953125,24.37959098815918
2023-08-28,360.86212158203125,31575.193359375,24.73769760131836
2023-08-29,368.7432861328125,31722.13671875,25.09580421447754
2023-08-30,370.7996520996094,31816.94921875,25.00156593322754
2023-08-31,371.9114990234375,31831.16796875,24.88848114013672
2023-09-01,371.5179443359375,32148.767578125,25.208892822265625
2023-09-04,371.5179443359375,32352.599609375,25.208892822265625
2023-09-05,371.9902648925781,32319.41796875,25.12407684326172
2023-09-06,368.7137451171875,32091.876953125,24.98271942138672
2023-09-07,366.07684326171875,31930.71875,24.37959098815918
2023-09-08,366.5885314941406,31978.115234375,24.30419921875
2023-09-11,370.9079284667969,32068.181640625,24.81308937072754
2023-09-12,366.795166015625,31902.267578125,24.765968322753906
2023-09-13,368.19232177734375,31925.978515625,24.671730041503906
2023-09-14,371.20306396484375,32376.30078125,24.64345932006836
2023-09-15,364.8470458984375,32798.1875,24.3984375
2023-09-18,365.2273864746094,32404.74609375,24.530372619628906
2023-09-19,364.4488830566406,32158.248046875,24.426708221435547
2023-09-20,359.1969909667969,32153.501953125,24.341894149780273
2023-09-21,352.6148986816406,31589.41015625,24.059179306030273
2023-09-22,352.6642761230469,31475.64453125,24.68115234375
2023-09-25,354.3392639160156,31504.083984375,24.389013290405273
2023-09-26,349.0184326171875,31091.6796875,24.313623428344727
2023-09-27,349.8362731933594,31167.5234375,24.351318359375
2023-09-28,352.7627258300781,31167.5234375,24.332469940185547
2023-09-29,353.0189208984375,31167.5234375,24.51152229309082
2023-10-02,355.9651184082031,31167.5234375,24.332469940185547
2023-10-03,349.718017578125,31167.5234375,24.068603515625
2023-10-04,354.47723388671875,30342.708984375,23.880123138427734
2023-10-05,353.4327697753906,30352.19140625,24.002634048461914
2023-10-06,359.3547058105469,30409.07421875,24.27592658996582
2023-10-09,361.1873779296875,30409.07421875,24.323047637939453
2023-10-10,363.18768310546875,30480.177734375,24.370166778564453
2023-10-11,365.7790832519531,30992.130859375,24.389013290405273
2023-10-12,364.50799560546875,31342.916015625,24.15341567993164
2023-10-13,359.9261474609375,31067.978515625,24.012056350708008
2023-10-16,363.9956359863281,30830.95703125,23.96493911743164
2023-10-17,362.8033447265625,31210.185546875,23.851852416992188
2023-10-18,358.0441589355469,31342.916015625,23.522014617919922
2023-10-19,354.69403076171875,30745.638671875,23.154483795166016
2023-10-20,349.4027099609375,30281.083984375,22.89061737060547
2023-10-23,350.4570617675781,30119.9140625,22.86234474182129
2023-10-24,353.8663024902344,30352.19140625,23.24872398376465
2023-10-25,345.20513916015625,30186.28125,22.975431442260742
2023-10-26,338.623046875,29413.609375,23.116790771484375
2023-10-27,340.2488708496094,29442.048828125,23.24872398376465
2023-10-30,344.0819091796875,29522.896484375,23.597408294677734
2023-10-31,345.72735595703125,29161.470703125,23.465473175048828
2023-11-01,351.7281494140625,29565.6953125,23.5031681060791
2023-11-02,358.1131591796875,30055.52734375,23.39008140563965
2023-11-03,362.320556640625,30359.884765625,23.757612228393555
2023-11-06,363.798583984375,31781.810546875,23.927242279052734
2023-11-07,367.2374572753906,31206.388671875,23.927242279052734
2023-11-08,367.4739074707031,30916.294921875,23.76703643798828
2023-11-09,364.64599609375,31063.71875,23.644527435302734
2023-11-10,372.84405517578125,30887.763671875,23.559711456298828
2023-11-13,371.6813049316406,30863.98046875,23.6916446685791
2023-11-14,379.6822814941406,31182.607421875,24.04033088684082
2023-11-15,379.96807861328125,31857.904296875,24.002634048461914
2023-11-16,380.293212890625,31834.12890625,23.5502872467041
2023-11-17,380.38189697265625,31672.4375,23.79530906677246
2023-11-20,385.0130310058594,31924.48828125,24.07802391052246
2023-11-21,382.7762756347656,32076.662109375,23.955514907836914
2023-11-22,384.343017578125,32133.732421875,23.67279815673828
2023-11-23,384.343017578125,32138.486328125,23.67279815673828
2023-11-24,383.8010559082031,31886.44140625,23.74818992614746
2023-11-27,383.4660339355469,31848.3984375,23.493745803833008
2023-11-28,384.4710388183594,32214.580078125,23.644527435302734
2023-11-29,384.09661865234375,32109.953125,23.399507522583008
2023-11-30,383.13104248046875,32295.421875,23.399507522583008
2023-12-01,384.2247619628906,31929.240234375,23.3618106842041
2023-12-04,380.65777587890625,32090.931640625,23.135637283325195
2023-12-05,381.6135559082031,31739.017578125,22.673866271972656
2023-12-06,379.4064025878906,31843.640625,22.58905029296875
2023-12-07,384.7075500488281,31719.9921875,22.673866271972656
2023-12-08,386.42205810546875,32181.291015625,22.579626083374023
2023-12-11,389.7228698730469,32290.671875,22.843494415283203
2023-12-12,392.8268127441406,32423.826171875,22.824649810791016
2023-12-13,397.82244873046875,32109.953125,22.711563110351562
2023-12-14,397.47760009765625,32499.916015625,22.69271469116211
2023-12-15,399.3990173339844,32685.388671875,22.405759811401367
2023-12-18,401.9146423339844,32790.0078125,22.28981590270996
2023-12-19,403.96832275390625,32818.5390625,22.48305320739746
2023-12-20,397.9654846191406,33451.04296875,21.961315155029297
2023-12-21,402.5959777832031,33232.28125,22.367111206054688
2023-12-22,403.1982421875,33336.91015625,22.405759811401367
2023-12-26,405.66650390625,33474.82421875,22.309141159057617
2023-12-27,406.49237060546875,33845.7578125,22.35744857788086
2023-12-28,406.29473876953125,34402.1640625,22.995128631591797
2023-12-29,404.5364074707031,34402.1640625,23.101408004760742
2024-01-02,397.6907653808594,34611.4140625,22.627979278564453
2024-01-03,393.48260498046875,33650.77734375,22.598995208740234
2024-01-04,391.4574890136719,33355.9296875,22.260831832885742
2024-01-05,391.921875,33260.8125,22.260831832885742
2024-01-08,400.02203369140625,33151.43359375,22.019287109375
2024-01-09,400.81231689453125,33027.796875,21.85503578186035
2024-01-10,403.5288391113281,32666.357421875,21.835712432861328
2024-01-11,404.3684997558594,32718.669921875,21.932331085205078
2024-01-12,404.575927734375,32404.802734375,21.845373153686523
2024-01-15,404.575927734375,32542.716796875,21.845373153686523
2024-01-16,404.5364074707031,32095.689453125,21.78740119934082
2024-01-17,402.25445556640625,31311.009765625,21.371944427490234
2024-01-18,407.9641418457031,31311.009765625,21.6328125
2024-01-19,416.05450439453125,31929.240234375,21.85503578186035
2024-01-22,416.5978088378906,31962.52734375,21.46856117248535
2024-01-23,418.3265075683594,32128.9765625,21.797061920166016
2024-01-24,420.64794921875,32005.330078125,22.35744857788086
2024-01-25,421.1615905761719,32043.37890625,22.251169204711914
2024-01-26,418.6524963378906,32100.4453125,22.309141159057617
2024-01-29,422.9396667480469,32480.896484375,21.94198989868164
2024-01-30,420.1243591308594,32423.66015625,21.536195755004883
2024-01-31,411.8957824707031,32266.296875,21.400930404663086
2024-02-01,416.74603271484375,32819.48046875,21.429914474487305
2024-02-02,423.78924560546875,33878.18359375,20.879192352294922
2024-02-05,423.2361145019531,33468.0546875,21.188369750976562
2024-02-06,422.3865051269531,33339.29296875,22.10624122619629
2024-02-07,426.7329406738281,33811.4140625,22.222185134887695
2024-02-08,427.52325439453125,33849.5703125,22.20285987854004
2024-02-09,431.73138427734375,33849.5703125,22.164213180541992
2024-02-12,430.042236328125,33849.5703125,22.35744857788086
2024-02-13,423.3348083496094,34264.453125,22.23184585571289
2024-02-14,427.9480285644531,33797.109375,22.251169204711914
2024-02-15,429.22235107421875,33749.421875,22.35744857788086
2024-02-16,425.33026123046875,34088.01171875,22.695613861083984
2024-02-19,425.33026123046875,34622.125,22.695613861083984
2024-02-20,422.1197814941406,34216.76953125,22.64730453491211
2024-02-21,420.43060302734375,34140.46484375,22.9274959564209
2024-02-22,432.7389831542969,34316.9140625,23.091747283935547
2024-02-23,431.46466064453125,34421.8359375,23.20768928527832
2024-02-26,431.23748779296875,34145.23828125,22.91783332824707
2024-02-27,432.2746887207031,33854.3359375,23.198026657104492
2024-02-28,429.9730529785156,34269.23046875,22.840539932250977
2024-02-29,433.6576843261719,34178.6171875,23.198026657104492
2024-03-01,440.1872253417969,34178.6171875,23.46856117248535
2024-03-04,438.6165771484375,34669.81640625,23.420249938964844
2024-03-05,430.7435607910156,34393.22265625,23.507205963134766
2024-03-06,433.4502258300781,34269.23046875,23.58449935913086
2024-03-07,440.0291748046875,34293.07421875,23.46856117248535
2024-03-08,433.6774597167969,34793.80859375,23.516868591308594
2024-03-11,432.0672912597656,34502.90234375,24.048267364501953
2024-03-12,438.26092529296875,34798.5703125,23.951650619506836
2024-03-13,434.8924560546875,34960.71484375,23.76807403564453
2024-03-14,433.7959899902344,35275.46875,23.632808685302734
2024-03-15,428.6395263671875,34612.5859375,23.77773666381836
2024-03-18,432.7276306152344,34831.95703125,23.951650619506836
2024-03-19,433.8057556152344,34417.05859375,23.80672264099121
2024-03-20,438.9492492675781,35022.71484375,23.86469268798828
2024-03-21,441.0264587402344,35971.71484375,23.700443267822266
2024-03-22,441.5309143066406,35866.8046875,23.323631286621094
2024-03-25,439.9284973144531,35723.734375,23.323631286621094
2024-03-26,438.5041809082031,36076.63671875,23.381601333618164
2024-03-27,439.9977722167969,36095.71484375,23.140056610107422
2024-03-28,439.1866760253906,36076.63671875,23.255998611450195
2024-03-29,439.1866760253906,36195.859375,23.255998611450195
2024-04-01,440.116455078125,36219.703125,23.700443267822266
2024-04-02,436.31817626953125,36319.84765625,23.68111801147461
2024-04-03,437.29742431640625,35771.421875,23.661794662475586
2024-04-04,430.6108703613281,36281.69140625,23.68111801147461
2024-04-05,435.68511962890625,35909.7265625,23.57483673095703
2024-04-08,435.8137512207031,36062.3203125,23.410587310791016
2024-04-09,437.426025390625,35838.1875,23.439573287963867
2024-04-10,433.60791015625,35838.1875,23.033777236938477
2024-04-11,440.5318298339844,35823.88671875,23.130395889282227
2024-04-12,433.5090026855469,35475.7578125,22.792232513427734
2024-04-15,426.3773193359375,35318.375,23.352617263793945
2024-04-16,426.41693115234375,34502.90234375,23.159379959106445
2024-04-17,421.21405029296875,34126.16015625,23.52652931213379
2024-04-18,418.8104248046875,34722.27734375,23.55551528930664
2024-04-19,410.1455993652344,34068.9375,23.47821807861328
2024-04-22,414.2702941894531,34526.7421875,23.352617263793945
2024-04-23,420.4524230957031,34488.59375,23.188364028930664
2024-04-24,421.87677001953125,35122.859375,23.1787052154541
2024-04-25,419.83917236328125,34517.203125,23.323631286621094
2024-04-26,426.3179626464844,34913.02734375,23.690780639648438
2024-04-29,428.0489807128906,35255.73828125,24.086915969848633
2024-04-30,419.97760009765625,35381.234375,23.80672264099121
2024-05-01,416.9409484863281,35381.234375,23.835708618164062
2024-05-02,422.26251220703125,35250.91015625,24.473388671875
2024-05-03,430.7492980957031,35221.94921875,24.521696090698242
2024-05-06,435.4674987792969,35221.94921875,24.37677001953125
2024-05-07,435.5367126464844,36037.6953125,24.30913734436035
2024-05-08,435.2795715332031,36163.19921875,24.086915969848633
2024-05-09,436.2290954589844,35757.73046875,24.463726043701172
2024-05-10,437.2579040527344,35941.15625,24.318798065185547
2024-05-13,438.2667541503906,35873.58203125,24.30913734436035
2024-05-14,441.0857849121094,35945.98046875,24.231842041015625
2024-05-15,447.98004150390625,35945.98046875,24.2125186920166
2024-05-16,447.0700378417969,36288.69140625,24.222179412841797
2024-05-17,446.8525085449219,35863.92578125,24.589330673217773
2024-05-20,449.9682922363281,36163.19921875,24.396093368530273
2024-05-21,450.8486022949219,35974.9453125,24.299474716186523
2024-05-22,450.75958251953125,35974.9453125,24.3477840423584
2024-05-23,448.7318420410156,35974.9453125,23.893678665161133
2024-05-24,452.97528076171875,35415.03125,23.729427337646484
2024-05-27,452.97528076171875,35907.37109375,23.729427337646484
2024-05-28,454.6864318847656,35945.98046875,23.74875259399414
2024-05-29,451.4816589355469,35419.85546875,23.74875259399414
2024-05-30,446.6447448730469,34777.87109375,23.76807403564453
2024-05-31,445.81390380859375,34763.390625,23.545854568481445
2024-06-03,448.2076110839844,35390.8984375,23.603824615478516
2024-06-04,449.43414306640625,35130.2421875,23.884016036987305
2024-06-05,458.49456787109375,35482.6015625,23.700443267822266
2024-06-06,458.33636474609375,35482.6015625,23.700443267822266
2024-06-07,457.93084716796875,35950.80859375,23.42991065979004
2024-06-10,459.7805480957031,35637.06640625,23.47821807861328
2024-06-11,462.93585205078125,35670.84765625,23.30430793762207
2024-06-12,468.9992370605469,35984.59765625,23.420249938964844
2024-06-13,471.54132080078125,36230.77734375,23.21735191345215
2024-06-14,473.9844970703125,36351.4453125,23.410587310791016
2024-06-17,479.79071044921875,36153.5390625,23.42991065979004
2024-06-18,479.93914794921875,36534.87109375,23.48788070678711
2024-06-19,479.93914794921875,37080.30859375,23.48788070678711
2024-06-20,476.2397155761719,37225.11328125,23.043437957763672
2024-06-21,474.9637451171875,36906.5390625,22.966144561767578
2024-06-24,469.55645751953125,36626.58203125,23.004789352416992
2024-06-25,474.9261169433594,36732.76953125,22.714937210083008
2024-06-26,475.9068603515625,37036.875,22.850202560424805
2024-06-27,477.1353454589844,36993.4140625,22.714937210083008
2024-06-28,474.6585998535156,37210.63671875,22.772907257080078
2024-07-01,477.4424743652344,37283.0390625,22.879188537597656
2024-07-02,482.4555358886719,37017.5625,22.888851165771484
2024-07-03,486.477783203125,37172.015625,22.89851188659668
2024-07-04,486.477783203125,37669.1953125,22.89851188659668
2024-07-05,491.5502014160156,38364.26953125,22.598995208740234
2024-07-08,492.71923828125,38238.765625,22.463729858398438
2024-07-09,493.14520263671875,38373.921875,22.753583908081055
2024-07-10,498.2870178222656,38359.4375,22.74392318725586
2024-07-11,487.3594970703125,38595.953125,23.140056610107422
2024-07-12,490.22265625,38065.0,23.101408004760742
2024-07-15,491.540283203125,38306.34375,23.0531005859375
2024-07-16,491.728515625,38330.4765625,23.255998611450195
2024-07-17,477.2938537597656,38011.90234375,23.323631286621094
2024-07-18,475.03509521484375,37731.9453125,23.30430793762207
2024-07-19,470.8245544433594,37287.8671875,23.48788070678711
2024-07-22,477.8387756347656,36916.1953125,23.33329200744629
2024-07-23,476.15460205078125,37022.390625,22.840539932250977
2024-07-24,459.07476806640625,36805.1796875,22.74392318725586
2024-07-25,454.01220703125,36134.23046875,22.73426055908203
2024-07-26,458.6685791015625,36327.31640625,22.782569885253906
2024-07-29,459.5899658203125,36761.734375,22.560348510742188
2024-07-30,453.2790832519531,36417.6640625,22.531362533569336
2024-07-31,466.69329833984375,36950.73046875,23.130395889282227
2024-08-01,455.3893127441406,36979.80078125,22.753583908081055
2024-08-02,444.5806579589844,35492.0859375,22.91783332824707
2024-08-05,431.32501220703125,32235.568359375,22.89851188659668
2024-08-06,435.4463806152344,33127.23046875,22.627979278564453
2024-08-07,430.7305908203125,33883.20703125,22.54102325439453
2024-08-08,443.9070129394531,33631.21484375,22.685951232910156
2024-08-09,446.22528076171875,34091.59375,22.54102325439453
2024-08-12,447.186279296875,34484.1171875,22.531362533569336
2024-08-13,458.28216552734375,34600.41796875,22.724597930908203
2024-08-14,458.4307861328125,34925.09375,22.463729858398438
2024-08-15,470.01220703125,34925.09375,22.63764190673828
2024-08-16,470.61651611328125,35753.76953125,22.772907257080078
2024-08-19,476.7985534667969,35438.77734375,22.89851188659668
2024-08-20,475.7979431152344,35792.53515625,22.714937210083008
2024-08-21,478.0171203613281,35744.07421875,22.714937210083008
2024-08-22,470.4382019042969,35797.37890625,22.49271583557129
2024-08-23,475.540283203125,35773.15234375,22.801895141601562
2024-08-26,470.9236145019531,35584.15625,22.656967163085938
2024-08-27,472.3304443359375,35584.15625,22.589332580566406
2024-08-28,466.9706726074219,35467.8515625,22.367111206054688
2024-08-29,466.2871398925781,34997.796875,22.44440460205078
2024-08-30,471.844970703125,35181.94140625,22.714937210083008
2024-09-02,471.844970703125,35143.171875,22.714937210083008
2024-09-03,457.5193176269531,34847.5625,22.34778594970703
2024-09-04,456.3304443359375,33636.06640625,22.251169204711914
2024-09-05,456.75653076171875,33582.75390625,22.38643455505371
2024-09-06,444.521240234375,33282.30078125,22.10624122619629
2024-09-09,450.23760986328125,33059.390625,21.85503578186035
2024-09-10,454.39862060546875,32918.859375,21.777742385864258
2024-09-11,464.26605224609375,32608.71484375,21.864696502685547
2024-09-12,468.8233337402344,33355.0,21.739093780517578
2024-09-13,470.9236145019531,33427.68359375,21.700443267822266
2024-09-16,468.8431396484375,33427.68359375,21.78740119934082
2024-09-17,469.0907897949219,33427.68359375,21.797061920166016
2024-09-18,467.0598449707031,33427.68359375,21.816387176513672
2024-09-19,478.8691101074219,33369.5390625,22.13522720336914
2024-09-20,477.9576721191406,33451.9140625,22.19319725036621
2024-09-23,479.2245788574219,33553.68359375,22.309141159057617
2024-09-24,481.5361328125,33955.8984375,24.09657859802246
2024-09-25,481.98260498046875,33456.765625,23.787399291992188
2024-09-26,485.60382080078125,34581.0390625,25.710102081298828
2024-09-27,482.9053039550781,34440.5,26.405752182006836
2024-09-30,484.21484375,33650.60546875,27.623140335083008
2024-10-01,477.46856689453125,33650.60546875,28.386423110961914
2024-10-02,478.1432189941406,33296.83984375,30.531349182128906
2024-10-03,477.78607177734375,33296.83984375,30.125551223754883
2024-10-04,483.47076416015625,33282.30078125,31.71009063720703
2024-10-07,478.2920227050781,33810.5234375,34.241485595703125
2024-10-08,485.43511962890625,33553.68359375,29.362268447875977
2024-10-09,489.25469970703125,33553.68359375,27.51685905456543
2024-10-10,488.6991271972656,33616.6796875,27.83570098876953
2024-10-11,489.4630432128906,33660.296875,27.507198333740234
2024-10-14,493.5703430175781,34057.66796875,27.02410888671875
2024-10-15,486.9729309082031,34178.81640625,25.884014129638672
2024-10-16,487.03240966796875,33868.67578125,26.125558853149414
2024-10-17,487.3697204589844,33946.2109375,25.487878799438477
2024-10-18,490.5643005371094,33747.51953125,26.850194931030273
2024-10-21,491.5068054199219,33844.4375,26.656957626342773
2024-10-22,492.04254150390625,33350.15234375,27.02410888671875
2024-10-23,484.5025329589844,33781.44921875,26.830873489379883
2024-10-24,488.4312744140625,33500.3828125,26.656957626342773
2024-10-25,491.4075927734375,33524.60546875,26.869518280029297
2024-10-28,491.4869384765625,33829.90625,27.014446258544922
2024-10-29,496.2093505859375,33917.1328125,26.6666202545166
2024-10-30,492.459228515625,33917.1328125,26.531354904174805
2024-10-31,480.0281982421875,33148.83203125,26.51203155517578
2024-11-01,483.57989501953125,32915.421875,26.41541290283203
2024-11-04,482.171142578125,33464.90234375,26.821210861206055
2024-11-05,488.3221435546875,33464.90234375,27.690773010253906
2024-11-06,501.5865783691406,33197.4609375,27.1207275390625
2024-11-07,509.4836120605469,33182.8671875,28.685941696166992
2024-11-08,510.07891845703125,33143.97265625,26.98546028137207
2024-11-11,509.7813415527344,32609.072265625,27.468551635742188
2024-11-12,508.85858154296875,31928.30078125,26.975799560546875
2024-11-13,508.203857421875,31111.37109375,27.265653610229492
2024-11-14,504.6720275878906,30980.080078125,26.70526695251465
2024-11-15,492.6476745605469,31203.76171875,26.444400787353516
2024-11-18,496.0704650878906,31928.30078125,26.51203155517578
2024-11-19,499.4832763671875,32040.14453125,26.463722229003906
2024-11-20,499.19561767578125,32103.357421875,26.52169418334961
2024-11-21,500.99127197265625,32142.26171875,26.589326858520508
2024-11-22,501.7948913574219,32429.15234375,25.72942352294922
2024-11-25,502.58856201171875,32808.4453125,25.60382080078125
2024-11-26,505.2870788574219,32706.328125,25.516864776611328
2024-11-27,501.3087463378906,32453.46875,26.193191528320312
2024-11-28,501.3087463378906,32356.21484375,26.193191528320312
2024-11-29,505.7136535644531,31743.517578125,26.357444763183594
2024-12-02,511.2198486328125,31801.873046875,26.347782135009766
2024-12-03,512.7872924804688,32268.685546875,26.280147552490234
2024-12-04,519.126953125,31831.048828125,26.038602828979492
2024-12-05,517.6882934570312,31607.36328125,26.22217559814453
2024-12-06,522.3214111328125,31446.89453125,26.396089553833008
2024-12-09,518.2538452148438,30664.005859375,28.202850341796875
2024-12-10,516.48779296875,31286.427734375,26.67628288269043
2024-12-11,525.7343139648438,31612.23046875,26.57000160217285
2024-12-12,522.34130859375,32064.455078125,26.57000160217285
2024-12-13,526.3394165039062,32210.3359375,26.164207458496094
2024-12-16,533.9190673828125,32093.6328125,25.92266082763672
2024-12-17,531.5679321289062,31724.064453125,26.22217559814453
2024-12-18,512.3905639648438,32171.4375,25.903337478637695
2024-12-19,510.108642578125,31442.03515625,26.067588806152344
2024-12-20,514.5631713867188,30989.8046875,26.13500213623047
2024-12-23,519.576416015625,31510.111328125,26.027530670166016
2024-12-24,526.621826171875,31534.421875,26.43787384033203
2024-12-26,526.2640991210938,31349.640625,26.486726760864258
2024-12-27,519.2684326171875,31262.115234375,26.379253387451172
2024-12-30,512.3621215820312,31179.44921875,26.38902473449707
2024-12-31,508.0097961425781,31179.44921875,25.861438751220703
2025-01-02,507.01605224609375,31111.37109375,25.09937286376953
2025-01-03,515.3135375976562,31733.794921875,24.83557891845703
2025-01-06,521.2359008789062,32414.572265625,24.84535026550293
2025-01-07,511.9349060058594,32424.291015625,25.001670837402344
2025-01-08,512.0243530273438,32735.505859375,24.92350959777832
2025-01-09,512.0243530273438,32759.81640625,24.92350959777832
2025-01-10,503.9952392578125,32711.193359375,24.395923614501953
2025-01-13,502.37548828125,32278.4140625,24.454545974731445
2025-01-14,501.8985290527344,32419.4296875,25.128681182861328
2025-01-15,513.4453125,32370.806640625,25.138452529907227
2025-01-16,509.84814453125,32832.75390625,25.011442184448242
2025-01-17,518.45361328125,32764.685546875,25.33385467529297
2025-01-20,518.45361328125,32711.193359375,25.33385467529297
2025-01-21,521.4943237304688,32740.3671875,25.539026260375977
2025-01-22,528.1620483398438,33114.79296875,25.421785354614258
2025-01-23,529.284912109375,32759.81640625,25.441326141357422
2025-01-24,526.2938842773438,32954.95703125,25.812589645385742
2025-01-27,510.9710998535156,32954.95703125,25.685579299926758
2025-01-28,518.5230712890625,32954.95703125,25.617185592651367
2025-01-29,517.5492553710938,32954.95703125,25.64649772644043
2025-01-30,519.75537109375,32954.95703125,25.744197845458984
2025-01-31,519.0000610351562,32632.978515625,25.402244567871094
2025-02-03,514.846435546875,31740.1875,25.363162994384766
2025-02-04,521.1663818359375,32135.359375,25.744197845458984
2025-02-05,523.5313720703125,32515.88671875,25.27523422241211
2025-02-06,526.2640991210938,32842.7578125,25.49994659423828
2025-02-07,519.6260986328125,32628.095703125,25.841899871826172
2025-02-10,525.916259765625,32696.3984375,25.998220443725586
2025-02-11,524.6641845703125,32954.95703125,25.793048858642578
2025-02-12,524.97216796875,32998.8671875,26.13500213623047
2025-02-13,532.5244140625,33364.765625,26.03730010986328
2025-02-14,534.7601928710938,33530.6328125,26.555116653442383
2025-02-17,534.7601928710938,33774.5703125,26.555116653442383
2025-02-18,535.9724731445312,34023.37890625,26.154542922973633
2025-02-19,536.12158203125,34716.13671875,26.213163375854492
2025-02-20,533.8460083007812,34413.6640625,26.516035079956055
2025-02-21,522.7662353515625,34452.6875,26.74074935913086
2025-02-24,516.5953369140625,34238.03515625,26.408565521240234
2025-02-25,510.0865783691406,34057.52734375,26.320634841918945
2025-02-26,511.3187561035156,34228.28125,26.506263732910156
2025-02-27,497.1188049316406,34091.6796875,26.340173721313477
2025-02-28,504.96905517578125,32959.8359375,25.95914077758789
2025-03-03,493.9190979003906,32959.8359375,25.78327751159668
2025-03-04,492.4284973144531,32876.90234375,25.998220443725586
2025-03-05,498.84783935546875,33125.70703125,26.398794174194336
2025-03-06,485.12481689453125,33452.578125,26.613737106323242
2025-03-07,488.6922302246094,33296.46875,26.408565521240234
2025-03-10,469.7523193359375,33374.51953125,26.09592056274414
2025-03-11,468.6294250488281,32998.8671875,26.43787384033203
2025-03-12,473.9158935546875,33520.87890625,26.379253387451172
2025-03-13,465.38995361328125,33359.88671875,26.310863494873047
2025-03-14,476.63861083984375,33545.2734375,27.268333435058594
2025-03-17,479.72900390625,34199.0078125,27.10224151611328
2025-03-18,471.5508728027344,34281.9375,26.9654598236084
2025-03-19,477.8608703613281,34574.65625,26.92637825012207
2025-03-20,476.24114990234375,34808.828125,26.398794174194336
2025-03-21,477.8111877441406,34974.703125,26.105690002441406
2025-03-24,488.29644775390625,34852.73828125,26.213163375854492
2025-03-25,491.0829162597656,34691.74609375,26.252243041992188
2025-03-26,482.04669189453125,34984.45703125,26.105690002441406
2025-03-27,479.3000183105469,34555.14453125,26.27178192138672
2025-03-28,466.6810607910156,33998.98046875,26.007991790771484
2025-03-31,466.6611633300781,33042.77734375,25.95914077758789
2025-04-01,470.4229736328125,33516.0,25.851667404174805
2025-04-02,473.8563232421875,33350.12890625,25.841899871826172
2025-04-03,448.4891357421875,32935.453125,25.578105926513672
2025-04-04,420.6339416503906,32642.73046875,24.630407333374023
2025-04-07,421.6490478515625,30783.982421875,22.90110206604004
2025-04-08,414.0557861328125,30769.34765625,23.125812530517578
2025-04-09,463.75518798828125,30257.09375,24.317764282226562
2025-04-10,444.0306701660156,32120.71875,24.66948699951172
2025-04-11,452.21112060546875,32023.1484375,25.118911743164062
2025-04-14,455.27630615234375,32228.05078125,25.060291290283203
2025-04-15,455.7838134765625,32545.158203125,24.816038131713867
2025-04-16,442.0403137207031,32037.78515625,25.001670837402344
2025-04-17,441.960693359375,32354.896484375,24.943050384521484
2025-04-18,441.960693359375,32574.4296875,24.943050384521484
2025-04-21,431.02362060546875,32618.33984375,25.177532196044922
2025-04-22,442.3388671875,32511.009765625,25.23615264892578
2025-04-23,452.3703308105469,33096.44140625,25.32408332824707
2025-04-24,465.0987243652344,33037.89453125,25.402244567871094
2025-04-25,470.2835998535156,33345.24609375,25.33385467529297
2025-04-28,470.13433837890625,33369.640625,25.265464782714844
2025-04-29,473.2393493652344,33600.86328125,25.285003662109375
2025-04-30,473.1795959472656,33531.6953125,25.226383209228516
2025-05-01,479.3596496582031,33531.6953125,25.021211624145508
2025-05-02,486.4752197265625,33561.3359375,25.78327751159668
2025-05-05,483.5892028808594,33561.3359375,25.744197845458984
2025-05-06,479.09100341796875,33561.3359375,25.841899871826172
2025-05-07,480.97186279296875,33847.890625,25.597646713256836
2025-05-08,485.9378662109375,33862.70703125,25.861438751220703
2025-05-09,485.6194152832031,33857.76953125,25.841899871826172
2025-05-12,505.4036560058594,34337.0078125,26.496496200561523
2025-05-13,513.1063232421875,34416.05859375,26.369483947753906
2025-05-14,516.1815185546875,34875.53515625,26.633275985717773
2025-05-15,516.7487182617188,34618.62109375,26.379253387451172
2025-05-16,518.997802734375,34747.07421875,26.35971450805664
2025-05-19,519.4954833984375,34356.76953125,26.222932815551758
2025-05-20,517.7638549804688,34425.94140625,26.379253387451172
2025-05-21,510.5686340332031,34643.32421875,26.467185974121094
2025-05-22,511.5240478515625,34198.671875,26.43787384033203
2025-05-23,506.78692626953125,34228.31640625,26.349943161010742
2025-05-26,506.78692626953125,34771.77734375,26.349943161010742
2025-05-27,518.7091674804688,34880.47265625,25.949369430541992
2025-05-28,516.4103393554688,35354.765625,25.880979537963867
2025-05-29,517.4254760742188,36056.328125,26.03730010986328
2025-05-30,516.6094360351562,35710.48828125,25.73442840576172
2025-06-02,520.689697265625,35695.66796875,25.832128524780273
2025-06-03,524.7599487304688,35695.66796875,26.007991790771484
2025-06-04,526.222900390625,36698.6015625,26.252243041992188
2025-06-05,522.2620239257812,37340.87890625,26.281553268432617
2025-06-06,527.3673706054688,37340.87890625,26.222932815551758
2025-06-09,528.1435546875,37988.09375,26.33040428161621
2025-06-10,531.63671875,38210.41796875,26.13500213623047
2025-06-11,529.8452758789062,38660.01171875,26.281553268432617
2025-06-12,531.0892944335938,38729.1796875,26.398794174194336
2025-06-13,524.421630859375,38403.1015625,26.13500213623047
2025-06-16,531.71630859375,39104.66015625,26.252243041992188
2025-06-17,526.5313110351562,39208.4140625,26.13500213623047
2025-06-18,526.4417724609375,39539.4375,26.13500213623047
2025-06-19,526.4417724609375,39603.66015625,26.13500213623047
2025-06-20,524.292236328125,40157.0078125,26.09592056274414
2025-06-23,529.6832275390625,40117.484375,26.222932815551758
2025-06-24,537.7831420898438,41441.5546875,26.682126998901367
2025-06-25,539.157958984375,41570.01171875,27.053390502929688
2025-06-26,544.19921875,41194.53125,26.975231170654297
2025-06-27,546.0623779296875,40942.55859375,26.691896438598633
2025-06-30,549.5991821289062,41204.41015625,26.90683937072754
2025-07-01,544.9664306640625,41322.98046875,26.90683937072754
2025-07-02,548.7623291015625,41164.88671875,26.90683937072754
2025-07-03,554.1622924804688,41802.21875,27.10224151611328
2025-07-04,554.1622924804688,40996.90625,27.10224151611328
2025-07-07,549.98779296875,41061.13671875,27.024080276489258
2025-07-08,550.2966918945312,41821.98046875,27.317182540893555
2025-07-09,554.192138671875,41945.5,27.268333435058594
2025-07-10,553.3951416015625,42488.95703125,27.512584686279297
2025-07-11,552.1498413085938,42513.6640625,27.4735050201416
2025-07-14,554.15234375,42908.90234375,27.610286712646484
2025-07-15,554.6604614257812,43190.51953125,27.551666259765625
2025-07-16,555.2283325195312,42785.39453125,27.453964233398438
2025-07-17,559.7216796875,42869.3828125,27.73729705810547
2025-07-18,559.1836547851562,42824.91796875,27.87407875061035
2025-07-21,562.0828857421875,43170.76171875,28.13787078857422
2025-07-22,559.1736450195312,42577.890625,28.499364852905273
2025-07-23,561.7241821289062,42731.04296875,28.450515747070312
2025-07-24,562.9197998046875,42686.58203125,28.548213958740234
2025-07-25,564.2747802734375,42795.27734375,28.36258316040039
2025-07-28,566.0381469726562,43017.59765625,28.30396270751953
2025-07-29,565.1614379882812,43309.09765625,28.47982406616211
2025-07-30,565.918701171875,43682.125,28.245342254638672
2025-07-31,562.9197998046875,43577.94921875,27.73729705810547
2025-08-01,551.8309326171875,41807.0546875,27.62982749938965
2025-08-04,562.0131225585938,42288.22265625,27.922929763793945
2025-08-05,558.1973266601562,42863.64453125,28.069480895996094
2025-08-06,565.2212524414062,42838.83984375,28.13787078857422
2025-08-07,567.1341552734375,43205.91796875,28.157411575317383
2025-08-08,572.4244995117188,43101.7421875,28.147640228271484
2025-08-11,570.730712890625,43111.66796875,28.147640228271484
2025-08-12,577.9041137695312,42972.76953125,28.53844451904297
2025-08-13,578.193115234375,43414.25390625,28.88039779663086
2025-08-14,577.7447509765625,43374.5703125,28.53844451904297
2025-08-15,575.2042236328125,43374.5703125,28.82177734375
2025-08-18,574.9749755859375,42719.7890625,29.261432647705078
2025-08-19,567.1740112304688,42417.19921875,28.929248809814453
2025-08-20,563.8064575195312,42164.2109375,29.56430435180664
2025-08-21,561.1962280273438,42268.3828125,29.56430435180664
2025-08-22,569.85400390625,42620.578125,30.551084518432617
2025-08-25,568.2101440429688,43141.4296875,30.77579689025879
2025-08-26,570.4916381835938,42734.66796875,30.785566329956055
2025-08-27,571.368408203125,42804.1171875,30.189590454101562
2025-08-28,574.9451293945312,43022.37890625,31.00050926208496
2025-08-29,568.2899169921875,42858.6796875,31.215452194213867
2025-09-01,568.2899169921875,42139.41015625,31.215452194213867
2025-09-02,563.5274658203125,42585.85546875,31.020048141479492
2025-09-03,567.9610595703125,42799.15625,30.82464599609375
2025-09-04,573.1019287109375,42957.890625,30.160282135009766
2025-09-05,573.9288940429688,43131.50390625,30.853958129882812
2025-09-08,576.728515625,43300.1640625,31.010278701782227
2025-09-09,578.3624267578125,43890.46484375,30.795337677001953
2025-09-10,578.5516967773438,44813.1171875,30.6878662109375
2025-09-11,581.9192504882812,45105.78515625,31.733264923095703
2025-09-12,584.4896850585938,46018.515625,31.342464447021484
2025-09-15,589.4910888671875,46291.34375,31.53786277770996
2025-09-16,588.992919921875,47045.3359375,31.479244232177734
2025-09-17,587.8173828125,46469.921875,31.703956604003906
2025-09-18,593.11767578125,47283.4453125,31.2349910736084
2025-09-19,597.1326904296875,47109.828125,31.2252197265625
2025-09-22,600.667724609375,47571.15234375,31.352231979370117
2025-09-23,596.6779174804688,47953.11328125,31.27406883239746
2025-09-24,594.583251953125,47804.296875,31.469472885131836
2025-09-25,592.0198364257812,47819.17578125,31.664875030517578
2025-09-26,594.4535522460938,46673.3046875,31.381542205810547
2025-09-29,597.20654296875,47387.61328125,32.08498764038086
2025-09-30,598.8424072265625,47258.640625,32.221771240234375
2025-10-01,601.7150268554688,47754.69140625,32.221771240234375
2025-10-02,604.188720703125,49178.35546875,32.32924270629883
2025-10-03,601.645263671875,49178.35546875,32.19245910644531
2025-10-06,606.1636962890625,49178.35546875,32.20222854614258
2025-10-07,602.9718627929688,49178.35546875,32.06544876098633
2025-10-08,609.8842163085938,49178.35546875,32.07522201538086
2025-10-09,609.1461181640625,49178.35546875,32.21200180053711
2025-10-10,588.0000610351562,50428.40234375,30.756256103515625
2025-10-13,600.4782104492188,49967.0703125,31.703956604003906
2025-10-14,596.4784545898438,49461.1015625,31.41085433959961
2025-10-15,600.6876831054688,50835.16015625,31.782115936279297
2025-10-16,598.46337890625,52169.53515625,31.918895721435547
2025-10-17,602.393310546875,52318.34765625,31.528093338012695
2025-10-20,609.9839477539062,53275.71875,31.586715698242188
2025-10-21,609.8244018554688,53389.8125,31.762575149536133
2025-10-22,603.9493408203125,53994.9921875,31.733264923095703
2025-10-23,609.0264282226562,53424.5390625,32.016597747802734
2025-10-24,615.52978515625,54818.4375,32.39763259887695
2025-10-27,626.4918823242188,56326.42578125,32.807979583740234
2025-10-28,631.3095703125,55765.890625,32.817745208740234
2025-10-29,634.15234375,56931.60546875,33.14015579223633
2025-10-30,624.45703125,57130.515625,32.759124755859375
2025-10-31,627.4694213867188,57826.6796875,32.2706184387207
2025-11-03,630.4716796875,59601.91015625,32.241310119628906
2025-11-04,617.67431640625,57960.94140625,31.840736389160156
2025-11-05,621.6941528320312,56354.78515625,32.21200180053711
2025-11-06,610.1136474609375,56663.08984375,32.495330810546875
2025-11-07,608.1885375976562,55638.72265625,32.495330810546875
2025-11-10,621.6442260742188,57339.3671875,32.69073486328125
2025-11-11,619.9884643554688,57876.40625,32.378089904785156
2025-11-12,619.4996948242188,58478.09375,32.33900833129883
2025-11-13,606.8519897460938,58746.6171875,32.553955078125
2025-11-14,607.310791015625,56200.6328125,32.143611907958984
2025-11-17,602.1240234375,57399.03515625,31.791887283325195
2025-11-18,594.7926635742188,55494.51953125,31.77234649658203
2025-11-19,598.3436279296875,55106.65234375,31.782115936279297
2025-11-20,584.1797485351562,56290.140625,31.430391311645508
2025-11-21,588.568603515625,53928.14453125,31.05912971496582
2025-11-24,603.6201782226562,53913.2265625,31.11775016784668
2025-11-25,607.3407592773438,54306.0625,31.508554458618164
2025-11-26,612.70703125,55772.984375,31.557403564453125
2025-11-27,612.70703125,56165.82421875,31.557403564453125
2025-11-28,617.67431640625,55345.33984375,31.830968856811523
2025-12-01,615.599609375,55270.75,32.07522201538086
2025-12-02,620.4172973632812,56364.73046875,31.840736389160156
2025-12-03,621.9334716796875,56981.3359375,31.821195602416992
2025-12-04,621.35498046875,56837.12890625,31.909128189086914
2025-12-05,623.8884887695312,57921.16015625,32.29993438720703
2025-12-08,622.6915283203125,58696.890625,32.45625305175781
2025-12-09,623.4595336914062,58383.61328125,32.2901611328125
2025-12-10,626.0130615234375,58358.75,32.42694091796875
2025-12-11,623.98828125,57881.3828125,32.18268966674805
2025-12-12,612.0586547851562,58672.02734375,32.21200180053711
2025-12-15,608.9865112304688,57339.3671875,32.094757080078125
2025-12-16,610.1934204101562,56091.234375,31.782115936279297
2025-12-17,598.8822631835938,57175.26953125,32.15338134765625
2025-12-18,607.5601196289062,56508.93359375,32.21200180053711
2025-12-19,615.47998046875,56807.29296875,32.34000015258789
2025-12-22,618.4302368164062,58105.1484375,32.61000061035156
2025-12-23,621.3265380859375,58274.21875,32.720001220703125
2025-12-24,623.144287109375,58289.13671875,32.81999969482422
2025-12-26,623.1043090820312,58786.3984375,33.11000061035156
2025-12-29,620.088134765625,60387.58203125,32.77000045776367
2025-12-30,618.64990234375,60561.625,32.959999084472656
2025-12-31,613.536376953125,60561.625,32.849998474121094
2026-01-02,612.347900390625,62316.96484375,33.31999969482422
2026-01-05,617.2117309570312,64683.93359375,33.65999984741211
2026-01-06,622.6348876953125,65847.53125,34.040000915527344
2026-01-07,623.2341918945312,66354.7421875,33.72999954223633
2026-01-08,619.6885986328125,66255.28125,33.720001220703125
2026-01-09,625.86083984375,66812.21875,33.90999984741211
2026-01-12,626.3801879882812,67239.859375,34.34000015258789
2026-01-13,625.4513549804688,68090.1875,33.86000061035156
2026-01-14,618.769775390625,68463.1328125,33.68000030517578
2026-01-15,620.9970092773438,69631.703125,33.959999084472656
2026-01-16,620.4776611328125,70367.6484375,33.560001373291016
2026-01-19,620.4776611328125,71387.03125,33.560001373291016
2026-01-20,607.2942504882812,70800.265625,33.47999954223633
2026-01-21,615.50390625,71362.171875,33.72999954223633
2026-01-22,619.978271484375,72132.9296875,33.689998626708984
2026-01-23,621.935791015625,72625.21875,33.61000061035156
2026-01-26,624.67236328125,71909.1640625,33.70000076293945
2026-01-27,630.335205078125,74365.640625,33.77000045776367
2026-01-28,632.4225463867188,75757.9765625,33.65999984741211
2026-01-29,628.6373291015625,76693.8125,33.959999084472656
2026-01-30,621.0868530273438,76962.6171875,33.439998626708984
2026-02-02,625.3515014648438,72378.015625,33.08000183105469
2026-02-03,615.7435913085938,77943.2578125,33.2400016784668
2026-02-04,604.9871826171875,79033.40625,33.47999954223633
2026-02-05,596.2781982421875,75673.3515625,33.20000076293945
2026-02-06,608.8822631835938,74861.9609375,33.68000030517578
2026-02-09,613.54638671875,77993.03125,34.099998474121094
2026-02-10,610.699951171875,78087.609375,34.029998779296875
2026-02-11,612.337890625,78764.6015625,34.0099983215332
2026-02-12,599.8836059570312,81611.9375,33.81999969482422
2026-02-13,601.1619873046875,81497.4453125,33.68000030517578
2026-02-17,600.542724609375,81497.4453125,33.86000061035156
2026-02-18,605.027099609375,81497.4453125,34.0099983215332
2026-02-19,602.7100219726562,84016.234375,33.880001068115234
2026-02-20,608.0433349609375,85917.78125,34.099998474121094
2026-02-23,600.652587890625,86554.9453125,34.0099983215332
2026-02-24,607.1044921875,88690.4453125,34.13999938964844
2026-02-25,615.9033813476562,90487.453125,34.56999969482422
2026-02-26,608.4727783203125,94604.1328125,34.16999816894531
2026-02-27,606.5252075195312,93703.140625,34.09000015258789
2026-03-02,607.32421875,93703.140625,34.099998474121094
2026-03-03,600.8224487304688,86320.984375,33.060001373291016
2026-03-04,609.9808959960938,75563.84375,33.349998474121094
2026-03-05,608.1431274414062,83199.8671875,33.18000030517578
2026-03-06,598.9946899414062,83189.9140625,33.130001068115234
2026-03-09,606.99462890625,77883.5234375,33.47999954223633
2026-03-10,607.004638671875,82532.8359375,33.650001525878906
2026-03-11,606.9247436523438,83453.7421875,33.93000030517578
2026-03-12,596.5078735351562,82831.5078125,33.599998474121094
2026-03-13,592.9722900390625,81178.859375,33.529998779296875
2026-03-16,599.6239013671875,82617.4609375,33.63999938964844
2026-03-17,602.5502319335938,84260.15625,33.540000915527344
2026-03-18,594.15087890625,88974.1796875,33.13999938964844
2026-03-19,592.273193359375,86365.7890625,33.06999969482422
2026-03-20,581.3269653320312,86276.1875,32.369998931884766
2026-03-23,588.0,80666.140625,32.15999984741211
2026-03-24,583.97998046875,83135.15625,32.029998779296875
2026-03-25,587.8200073242188,84135.703125,32.70000076293945
2026-03-26,573.7899780273438,81238.59375,31.90999984741211
2026-03-27,562.5800170898438,80865.2578125,32.0
2026-03-30,558.280029296875,78331.53125,32.209999084472656
2026-03-31,577.1799926757812,75095.921875,32.63999938964844
2026-04-01,584.3099975585938,81806.0703125,32.7599983215332
2026-04-02,584.97998046875,77843.6953125,32.58000183105469
2026-04-03,584.97998046875,80218.1328125,32.58000183105469
2026-04-06,588.5,81387.9296875,32.31999969482422
2026-04-07,588.5900268554688,82403.4140625,32.220001220703125
2026-04-08,606.0900268554688,88605.8203125,33.529998779296875
2026-04-09,610.1900024414062,86863.5703125,33.40999984741211
2026-04-10,611.0700073242188,88262.3515625,33.810001373291016
2026-04-13,617.3900146484375,87490.78125,34.150001525878906
2026-04-14,628.5999755859375,90029.484375,34.63999938964844
2026-04-15,637.4000244140625,92254.5859375,34.349998474121094
2026-04-16,640.469970703125,94290.53125,34.5
2026-04-17,648.8499755859375,93633.453125,34.779998779296875
2026-04-20,646.7899780273438,94081.4609375,34.84000015258789
2026-04-21,644.3300170898438,96490.7421875,34.459999084472656
2026-04-22,655.1099853515625,96869.0625,35.04999923706055
2026-04-23,651.4199829101562,97919.390625,34.90999984741211
2026-04-24,663.8800048828125,97565.9609375,34.88999938964844
2026-04-27,664.22998046875,99796.0390625,34.720001220703125
2026-04-28,657.5499877929688,100254.0,34.630001068115234
2026-04-29,661.5700073242188,101045.0,34.77000045776367
2026-04-30,667.739990234375,99905.0,35.31999969482422
2026-05-01,674.1500244140625,99905.0,35.400001525878906
2026-05-04,672.8800048828125,105295.0,35.11000061035156
2026-05-05,681.6099853515625,105295.0,35.349998474121094
2026-05-06,695.77001953125,113270.0,36.0
2026-05-07,694.9400024414062,115620.0,35.54999923706055
2026-05-08,711.22998046875,115810.0,35.72999954223633
2026-05-11,713.2899780273438,121805.0,36.5099983215332
2026-05-12,707.239990234375,119100.0,36.349998474121094
2026-05-13,714.7100219726562,122655.0,36.88999938964844
2026-05-14,719.7899780273438,124855.0,36.13999938964844
2026-05-15,708.9299926757812,117200.0,35.470001220703125
2026-05-18,705.8800048828125,117840.0,35.310001373291016
2026-05-19,701.530029296875,114315.0,35.15999984741211
2026-05-20,713.1500244140625,113340.0,35.5099983215332
2026-05-21,714.510009765625,123060.0,35.25
2026-05-22,717.5399780273438,123350.0,35.349998474121094
2026-05-26,730.280029296875,126755.0,36.099998474121094
2026-05-27,729.4500122070312,130600.0,35.91999816894531
2026-05-28,735.5999755859375,129990.0,35.959999084472656
2026-05-29,738.3099975585938,134815.0,35.970001220703125
2026-06-01,742.739990234375,141395.0,35.47999954223633
2026-06-02,746.1599731445312,141575.0,36.220001220703125
2026-06-03,744.2100219726562,141575.0,36.16999816894531
2026-06-04,740.6099853515625,138730.0,35.97999954223633
2026-06-05,705.0599975585938,131030.0,34.880001068115234
