Date,US_QQQ_Close,KR_KODEX_Close,CN_FXI_Close
2020-01-02,208.3175506591797,25786.380859375,39.144710540771484
2020-01-03,206.40939331054688,25782.00390625,38.298667907714844
2020-01-06,207.73931884765625,25585.09375,38.48182678222656
2020-01-07,207.71043395996094,25843.265625,38.385887145996094
2020-01-08,209.2716064453125,25676.98828125,38.35972213745117
2020-01-09,211.04489135742188,26105.80859375,38.7086067199707
2020-01-10,210.5052032470703,26320.220703125,38.830718994140625
2020-01-13,212.9337615966797,26591.5234375,39.49359130859375
2020-01-14,212.09532165527344,26718.41796875,39.09238052368164
2020-01-15,212.1820526123047,26560.89453125,38.87431716918945
2020-01-16,214.2154998779297,26832.185546875,39.162147521972656
2020-01-17,215.275634765625,26893.451171875,39.34531784057617
2020-01-20,215.275634765625,27094.736328125,39.34531784057617
2020-01-21,215.17921447753906,26792.806640625,37.496238708496094
2020-01-22,215.74783325195312,27147.244140625,37.91489791870117
2020-01-23,216.44171142578125,26792.806640625,37.42646026611328
2020-01-24,214.6202392578125,26792.806640625,36.93802261352539
2020-01-27,210.1871795654297,26792.806640625,35.47270202636719
2020-01-28,213.41558837890625,25978.908203125,35.71693420410156
2020-01-29,213.76254272460938,26066.4296875,35.93498611450195
2020-01-30,214.52391052246094,25575.51953125,35.49015808105469
2020-01-31,211.1219482421875,25303.763671875,34.66156005859375
2020-02-03,214.31187438964844,25330.0625,35.00171661376953
2020-02-04,219.21719360351562,25763.99609375,35.943702697753906
2020-02-05,219.94000244140625,25891.109375,36.06581115722656
2020-02-06,221.8385467529297,26662.537109375,36.310035705566406
2020-02-07,220.8844451904297,26438.99609375,35.9873161315918
2020-02-10,223.553955078125,26298.732421875,36.1966438293457
2020-02-11,223.5924835205078,26552.9609375,36.8944091796875
2020-02-12,225.77047729492188,26772.109375,37.391571044921875
2020-02-13,225.4813690185547,26706.365234375,36.90313720703125
2020-02-14,226.12705993652344,26868.541015625,36.86824417114258
2020-02-17,226.12705993652344,26846.62890625,36.86824417114258
2020-02-18,226.21383666992188,26421.458984375,36.789737701416016
2020-02-19,228.38217163085938,26469.67578125,37.042686462402344
2020-02-20,226.2620086669922,26333.80078125,36.65019607543945
2020-02-21,221.91563415527344,25956.849609375,36.65019607543945
2020-02-24,213.35781860351562,24979.4140625,35.35060119628906
2020-02-25,207.5561981201172,25255.5546875,35.010440826416016
2020-02-26,208.62594604492188,24887.369140625,35.516319274902344
2020-02-27,198.17921447753906,24628.765625,35.24593734741211
2020-02-28,198.3333740234375,23835.41796875,35.463993072509766
2020-03-02,208.568115234375,24063.33984375,35.830322265625
2020-03-03,201.8798828125,24172.921875,35.60354232788086
2020-03-04,210.30279541015625,24720.810546875,35.9873161315918
2020-03-05,203.91336059570312,24939.96875,35.830322265625
2020-03-06,200.47286987304688,24440.294921875,35.115108489990234
2020-03-09,186.5471649169922,23410.255859375,33.70212936401367
2020-03-10,196.7047576904297,23541.751953125,35.0366096496582
2020-03-11,188.13726806640625,22840.44921875,33.84168243408203
2020-03-12,170.88670349121094,22073.404296875,31.225059509277344
2020-03-13,185.36175537109375,21503.599609375,32.96947479248047
2020-03-16,163.15762329101562,20723.408203125,29.576583862304688
2020-03-17,175.53182983398438,20258.794921875,31.408220291137695
2020-03-18,170.19281005859375,19145.478515625,29.62891960144043
2020-03-19,171.21435546875,17742.880859375,29.655080795288086
2020-03-20,164.50686645507812,19106.03515625,30.056297302246094
2020-03-23,164.6256561279297,17983.94921875,30.038848876953125
2020-03-24,177.3738555908203,19653.927734375,32.07110595703125
2020-03-25,176.06040954589844,20780.37890625,32.559539794921875
2020-03-26,185.3318328857422,20377.138671875,33.44919204711914
2020-03-27,178.95773315429688,20868.046875,31.486717224121094
2020-03-30,185.46701049804688,20745.31640625,32.6205940246582
2020-03-31,183.88314819335938,21113.50390625,32.742698669433594
2020-04-01,176.070068359375,20122.9140625,31.408220291137695
2020-04-02,179.64341735839844,20740.935546875,32.61186981201172
2020-04-03,177.09381103515625,20688.33984375,32.17576599121094
2020-04-06,189.75509643554688,21512.36328125,33.32707977294922
2020-04-07,189.6777801513672,21849.86328125,33.222415924072266
2020-04-08,193.705078125,21529.900390625,33.24857711791992
2020-04-09,193.98516845703125,21871.779296875,33.0305290222168
2020-04-10,193.98516845703125,22055.875,33.0305290222168
2020-04-13,196.08090209960938,21678.919921875,33.05669403076172
2020-04-14,204.608642578125,22055.875,33.58001708984375
2020-04-15,202.26182556152344,22055.875,32.80375289916992
2020-04-16,205.95111083984375,22055.875,32.93458557128906
2020-04-17,207.9212188720703,22726.48828125,33.50152587890625
2020-04-20,205.4585723876953,22454.734375,33.222415924072266
2020-04-21,197.87721252441406,22204.8984375,32.332763671875
2020-04-22,203.74911499023438,22397.755859375,33.11775588989258
2020-04-23,203.31446838378906,22616.908203125,32.97820281982422
2020-04-24,206.52090454101562,22279.416015625,33.30963897705078
2020-04-27,208.1820068359375,22722.107421875,33.981239318847656
2020-04-28,204.26100158691406,22860.25390625,34.016117095947266
2020-04-29,211.50430297851562,23011.763671875,34.565616607666016
2020-04-30,211.4173583984375,23011.763671875,33.658512115478516
2020-05-01,205.4585723876953,23011.763671875,32.5072021484375
2020-05-04,207.85365295410156,22312.134765625,32.81247329711914
2020-05-05,210.2101593017578,22312.134765625,33.14391326904297
2020-05-06,211.50430297851562,22726.564453125,33.231143951416016
2020-05-07,214.22781372070312,22673.08984375,33.318363189697266
2020-05-08,217.16371154785156,22869.158203125,34.077178955078125
2020-05-11,219.10488891601562,22704.279296875,33.92018127441406
2020-05-12,214.51748657226562,22543.86328125,33.623626708984375
2020-05-13,211.83265686035156,22802.3203125,33.72829055786133
2020-05-14,214.23741149902344,22561.681640625,33.5887451171875
2020-05-15,215.62814331054688,22615.16015625,33.10030746459961
2020-05-18,219.6457061767578,22762.208984375,34.41733932495117
2020-05-19,219.09524536132812,23350.427734375,34.05973434448242
2020-05-20,223.47023010253906,23403.90625,34.55689239501953
2020-05-21,221.0364532470703,23506.39453125,33.61491012573242
2020-05-22,221.79942321777344,23109.794921875,32.70780944824219
2020-05-25,221.79942321777344,23399.443359375,32.70780944824219
2020-05-26,221.2006378173828,23822.787109375,33.440467834472656
2020-05-27,222.4078826904297,23836.15234375,33.25730514526367
2020-05-28,222.1181640625,23907.44921875,33.361961364746094
2020-05-29,225.372802734375,23862.888671875,34.05973434448242
2020-06-01,226.04881286621094,24335.24609375,34.68772888183594
2020-06-02,227.56504821777344,24589.25,35.3069953918457
2020-06-03,228.5887908935547,25489.40234375,35.9088134765625
2020-06-04,226.98561096191406,25520.591796875,35.385498046875
2020-06-05,231.48609924316406,25948.390625,36.179203033447266
2020-06-08,233.28245544433594,25912.736328125,35.996036529541016
2020-06-09,234.97256469726562,25926.103515625,35.821598052978516
2020-06-10,237.79261779785156,26006.3203125,36.24897766113281
2020-06-11,226.0101776123047,25578.521484375,34.748783111572266
2020-06-12,227.80654907226562,25057.1484375,35.18488311767578
2020-06-15,230.5782470703125,23796.05078125,34.870914459228516
2020-06-16,234.53794860839844,25257.68359375,35.143550872802734
2020-06-17,235.28158569335938,25186.376953125,35.28425979614258
2020-06-18,235.91905212402344,25115.080078125,35.407386779785156
2020-06-19,235.88040161132812,25115.080078125,35.46015548706055
2020-06-22,238.70921325683594,25025.9609375,35.7239990234375
2020-06-23,240.74085998535156,25092.798828125,35.961456298828125
2020-06-24,235.77783203125,25502.76953125,35.592079162597656
2020-06-25,238.0223388671875,24861.076171875,35.680023193359375
2020-06-26,232.4014434814453,25208.65625,35.345821380615234
2020-06-29,234.93612670898438,24803.1484375,35.22270202636719
2020-06-30,239.54124450683594,25017.04296875,34.91489028930664
2020-07-01,242.33714294433594,25030.4140625,35.31943893432617
2020-07-02,243.98184204101562,25346.802734375,36.46274948120117
2020-07-06,249.9800262451172,25948.390625,39.9278564453125
2020-07-07,248.2579803466797,25636.453125,38.79334259033203
2020-07-08,251.52793884277344,25560.701171875,40.04218292236328
2020-07-09,253.6466522216797,25681.017578125,39.76955795288086
2020-07-10,255.3783721923828,25431.470703125,39.1803092956543
2020-07-13,250.12513732910156,25917.193359375,38.731788635253906
2020-07-14,251.8955841064453,25877.087890625,38.432762145996094
2020-07-15,252.4083251953125,26135.544921875,38.230491638183594
2020-07-16,250.68624877929688,25850.3515625,37.35980987548828
2020-07-17,250.9765167236328,26046.419921875,37.43016815185547
2020-07-20,258.0968933105469,25984.033203125,37.91387939453125
2020-07-21,255.40745544433594,26362.81640625,38.10735321044922
2020-07-22,256.30718994140625,26264.76953125,37.570884704589844
2020-07-23,249.61241149902344,26108.8125,37.28944778442383
2020-07-24,247.2421417236328,25966.212890625,36.981632232666016
2020-07-27,251.65371704101562,26215.75390625,36.90248489379883
2020-07-28,248.4514617919922,26763.869140625,36.577083587646484
2020-07-29,251.31509399414062,26902.013671875,37.13114929199219
2020-07-30,252.63087463378906,26937.7265625,36.74417495727539
2020-07-31,257.13916015625,26723.43359375,36.38359832763672
2020-08-03,260.6123046875,26723.43359375,36.823326110839844
2020-08-04,261.5798034667969,27044.875,37.658836364746094
2020-08-05,262.2279968261719,27339.517578125,37.658836364746094
2020-08-06,265.701171875,27772.5546875,37.68520736694336
2020-08-07,262.6342468261719,27888.625,36.94645690917969
2020-08-10,261.51202392578125,28303.810546875,37.210304260253906
2020-08-11,256.5586853027344,28660.955078125,37.17511749267578
2020-08-12,263.01165771484375,28817.208984375,37.72039031982422
2020-08-13,263.6114807128906,28803.810546875,37.65003204345703
2020-08-14,263.3018798828125,28500.240234375,37.85230255126953
2020-08-17,266.3589782714844,28500.240234375,38.55588912963867
2020-08-18,268.9226989746094,27910.947265625,38.70539855957031
2020-08-19,267.11358642578125,28009.1640625,38.30083465576172
2020-08-20,270.8189392089844,26928.8046875,38.47673416137695
2020-08-21,272.6957702636719,27335.056640625,38.81972122192383
2020-08-24,274.39849853515625,27638.630859375,39.24187469482422
2020-08-25,276.55596923828125,28000.236328125,39.400177001953125
2020-08-26,282.4574279785156,28004.6953125,39.329811096191406
2020-08-27,281.5769958496094,27754.6953125,39.25066375732422
2020-08-28,283.00885009765625,27902.021484375,39.56727600097656
2020-08-31,285.2823791503906,27451.126953125,38.66142272949219
2020-09-01,290.1583557128906,27665.4140625,39.162715911865234
2020-09-02,292.90594482421875,27808.26953125,39.00440979003906
2020-09-03,278.0555114746094,28227.919921875,38.20409393310547
2020-09-04,274.3501281738281,27835.0546875,38.34480667114258
2020-09-07,274.3501281738281,27960.056640625,38.34480667114258
2020-09-08,261.1637878417969,28317.203125,37.55329132080078
2020-09-09,268.835693359375,27968.984375,37.80833435058594
2020-09-10,263.47607421875,28236.84375,37.06078338623047
2020-09-11,261.64752197265625,28218.990234375,37.4213752746582
2020-09-14,266.20416259765625,28598.45703125,37.676414489746094
2020-09-15,269.97723388671875,28821.671875,38.010616302490234
2020-09-16,265.6720275878906,28741.314453125,37.89628601074219
2020-09-17,261.5217590332031,28317.203125,37.57967758178711
2020-09-18,258.1839904785156,28410.953125,37.658836364746094
2020-09-21,258.80328369140625,28169.87890625,37.307044982910156
2020-09-22,263.6114807128906,27513.626953125,37.016815185546875
2020-09-23,255.5621795654297,27616.30859375,36.61226272583008
2020-09-24,256.7523193359375,26977.908203125,36.15493392944336
2020-09-25,262.7214050292969,27098.4375,35.79435348510742
2020-09-28,268.1778564453125,27495.765625,36.34842300415039
2020-09-29,266.9684753417969,27754.6953125,36.20770263671875
2020-09-30,268.7970275878906,27754.6953125,36.93766403198242
2020-10-01,273.0634765625,27754.6953125,37.386192321777344
2020-10-02,265.3819274902344,27754.6953125,36.96404266357422
2020-10-05,271.0414733886719,28058.275390625,37.104759216308594
2020-10-06,266.20416259765625,28120.771484375,37.351016998291016
2020-10-07,270.8093566894531,28393.095703125,37.74677276611328
2020-10-08,272.250732421875,28402.0234375,37.93145751953125
2020-10-09,276.41082763671875,28402.0234375,38.028202056884766
2020-10-12,284.9437561035156,28518.095703125,39.04838943481445
2020-10-13,284.93408203125,28540.421875,38.99562072753906
2020-10-14,282.5540771484375,28259.16796875,38.503116607666016
2020-10-15,280.657958984375,28049.34765625,38.212890625
2020-10-16,279.1197204589844,27884.1640625,38.79334259033203
2020-10-19,274.56298828125,27946.6640625,38.775753021240234
2020-10-20,275.15313720703125,28143.099609375,38.942848205566406
2020-10-21,274.9403076171875,28232.380859375,39.294639587402344
2020-10-22,274.9306640625,28040.41796875,39.593658447265625
2020-10-23,275.47235107421875,28143.099609375,39.69040298461914
2020-10-26,271.34136962890625,28089.5234375,39.31222915649414
2020-10-27,273.460205078125,27848.453125,39.39138412475586
2020-10-28,262.798828125,27995.767578125,38.59986114501953
2020-10-29,267.3941650390625,27705.12890625,39.1803092956543
2020-10-30,260.6123046875,26953.923828125,38.784549713134766
2020-11-02,261.19281005859375,27365.296875,39.558475494384766
2020-11-03,265.71075439453125,27910.814453125,39.646427154541016
2020-11-04,277.57177734375,28085.203125,41.29981994628906
2020-11-05,284.8083801269531,28702.259765625,41.950626373291016
2020-11-06,285.02117919921875,28773.802734375,41.97701644897461
2020-11-09,279.1971435546875,29135.9921875,42.416748046875
2020-11-10,274.1953430175781,29131.521484375,41.4405403137207
2020-11-11,280.3290710449219,29601.01953125,41.8626823425293
2020-11-12,279.0133361816406,29457.935546875,41.42295455932617
2020-11-13,281.4609680175781,29766.46875,41.748355865478516
2020-11-16,283.6571044921875,30401.4140625,41.93304443359375
2020-11-17,282.7573547363281,30392.47265625,41.651611328125
2020-11-18,280.6675720214844,30361.171875,41.46692657470703
2020-11-19,282.86370849609375,30401.4140625,41.4405403137207
2020-11-20,280.9288330078125,30432.712890625,41.72196960449219
2020-11-23,280.9385070800781,31130.2578125,41.554866790771484
2020-11-24,284.8857727050781,31300.1796875,41.78353500366211
2020-11-25,286.6368103027344,31116.84765625,41.53728485107422
2020-11-26,286.6368103027344,31425.376953125,41.53728485107422
2020-11-27,289.27789306640625,31496.9140625,42.75973892211914
2020-11-30,289.8680725097656,31018.470703125,41.334999084472656
2020-12-01,293.5830993652344,31510.33984375,41.757144927978516
2020-12-02,293.9604187011719,32060.326171875,41.46692657470703
2020-12-03,294.37646484375,32288.373046875,41.44933319091797
2020-12-04,295.57611083984375,32865.1796875,41.50209426879883
2020-12-07,297.249755859375,33044.05078125,41.09755325317383
2020-12-08,298.2559509277344,32516.40625,40.96562957763672
2020-12-09,291.5031433105469,33267.62109375,40.455535888671875
2020-12-10,292.6736755371094,33003.796875,40.95684051513672
2020-12-11,292.0255432128906,33289.97265625,40.587459564208984
2020-12-14,294.1443176269531,33160.3046875,40.54639434814453
2020-12-15,297.2884521484375,33160.3046875,40.60887908935547
2020-12-16,298.9234924316406,33298.91015625,40.65351867675781
2020-12-17,300.8777770996094,33267.62109375,40.91239929199219
2020-12-18,299.96832275390625,33222.89453125,40.840980529785156
2020-12-21,299.4071044921875,33263.14453125,40.51069259643555
2020-12-22,300.22125244140625,32722.1015625,40.37678146362305
2020-12-23,298.7092590332031,33187.12890625,40.715999603271484
2020-12-24,300.0274353027344,33848.90234375,40.03755187988281
2020-12-28,303.0513000488281,34018.828125,40.10004425048828
2020-12-29,303.32269287109375,34595.64453125,40.61780548095703
2020-12-30,303.3324279785156,35324.4765625,41.28733444213867
2020-12-31,304.07867431640625,35324.4765625,41.44801712036133
2021-01-04,299.7851257324219,36254.55078125,41.33197021484375
2021-01-05,302.25653076171875,36800.0625,42.45677185058594
2021-01-06,298.0696105957031,36442.34765625,41.96577835083008
2021-01-07,305.280517578125,37291.92578125,42.2603759765625
2021-01-08,309.205810546875,38941.890625,43.13521957397461
2021-01-11,304.73779296875,39040.26171875,42.554962158203125
2021-01-12,304.2530822753906,38736.203125,43.108436584472656
2021-01-13,306.3078918457031,38955.3046875,43.233421325683594
2021-01-14,304.6699523925781,38906.12109375,43.4298095703125
2021-01-15,302.25653076171875,38052.0625,43.40303039550781
2021-01-18,302.25653076171875,37166.72265625,43.40303039550781
2021-01-19,306.6664733886719,38145.96875,45.268768310546875
2021-01-20,313.79974365234375,38365.0703125,46.661376953125
2021-01-21,316.3100891113281,38928.48828125,46.39356994628906
2021-01-22,315.3990173339844,38655.71875,46.161476135253906
2021-01-25,318.00616455078125,39581.30078125,47.223785400390625
2021-01-26,318.471435546875,38503.6953125,46.73279571533203
2021-01-27,309.593505859375,38374.015625,45.018821716308594
2021-01-28,311.42523193359375,37666.70703125,45.10808563232422
2021-01-29,304.87347412109375,36820.61328125,44.06362533569336
2021-02-01,312.491455078125,37738.32421875,45.268768310546875
2021-02-02,317.5894470214844,38297.90234375,45.9115104675293
2021-02-03,316.3294982910156,38615.765625,46.01863479614258
2021-02-04,320.070556640625,37971.11328125,45.795467376708984
2021-02-05,321.1560363769531,38454.59375,46.14361572265625
2021-02-08,323.3076477050781,38078.55859375,45.99185562133789
2021-02-09,323.23992919921875,37948.73046875,46.598899841308594
2021-02-10,322.5032958984375,38212.85546875,47.05417251586914
2021-02-11,324.27691650390625,38212.85546875,47.87545394897461
2021-02-12,326.0893249511719,38212.85546875,47.83081817626953
2021-02-15,326.0893249511719,38772.43359375,47.83081817626953
2021-02-16,325.2074279785156,38942.5546875,47.85759735107422
2021-02-17,323.6470031738281,38521.74609375,48.62531661987305
2021-02-18,322.2319030761719,37971.11328125,47.58086013793945
2021-02-19,320.8265380859375,38302.390625,47.85759735107422
2021-02-22,312.5107727050781,37899.48828125,46.098976135253906
2021-02-23,311.5804138183594,37859.19921875,46.25074005126953
2021-02-24,314.14874267578125,37053.40234375,45.250919342041016
2021-02-25,303.19671630859375,38400.87109375,44.56353759765625
2021-02-26,304.4664001464844,37339.91015625,43.80473709106445
2021-03-01,313.6253662109375,37339.91015625,44.96524429321289
2021-03-02,308.5952453613281,37756.2265625,44.099334716796875
2021-03-03,299.63970947265625,38177.04296875,44.43856430053711
2021-03-04,294.73553466796875,37689.0859375,43.1619987487793
2021-03-05,299.1744689941406,37487.640625,43.608341217041016
2021-03-08,290.70361328125,37133.97265625,42.072906494140625
2021-03-09,302.1694030761719,36901.19140625,42.983463287353516
2021-03-10,301.30682373046875,36690.78515625,42.64424133300781
2021-03-11,308.24627685546875,37438.3984375,44.1796875
2021-03-12,305.7456970214844,37769.66796875,42.93882751464844
2021-03-15,309.011962890625,37586.12890625,42.858482360839844
2021-03-16,310.7080078125,37899.48828125,43.242340087890625
2021-03-17,311.9873962402344,37599.546875,43.2155647277832
2021-03-18,302.4311218261719,37872.63671875,42.831703186035156
2021-03-19,303.4972229003906,37474.19921875,42.840633392333984
2021-03-22,309.1886291503906,37536.875,42.77813720703125
2021-03-23,307.8398132324219,37183.21875,41.81401824951172
2021-03-24,302.6480712890625,37013.11328125,40.26966094970703
2021-03-25,302.1240234375,37174.2734375,40.474971771240234
2021-03-26,306.6559143066406,37518.97265625,41.662261962890625
2021-03-29,306.56854248046875,37451.8125,41.439090728759766
2021-03-30,305.0255432128906,37872.63671875,41.60870361328125
2021-03-31,309.6933898925781,37769.66796875,41.653343200683594
2021-04-01,314.97247314453125,38114.3671875,42.35857391357422
2021-04-02,314.97247314453125,38539.65625,42.35857391357422
2021-04-05,321.2608947753906,38615.765625,42.39427947998047
2021-04-06,321.0376892089844,38669.484375,42.4746208190918
2021-04-07,321.8140563964844,38763.48828125,41.510501861572266
2021-04-08,325.1716613769531,38727.67578125,42.0550537109375
2021-04-09,327.1416931152344,38544.125,41.53729248046875
2021-04-12,326.7147216796875,38544.125,41.48372268676758
2021-04-13,330.528564453125,38982.84375,41.45694351196289
2021-04-14,326.5594482421875,39251.4453125,41.590850830078125
2021-04-15,331.5086364746094,39287.25390625,41.644412994384766
2021-04-16,331.89678955078125,39264.87109375,41.87651443481445
2021-04-19,328.859375,39260.3984375,41.867591857910156
2021-04-20,326.46240234375,39506.62109375,41.75153732299805
2021-04-21,329.25726318359375,38799.30078125,41.80509948730469
2021-04-22,325.28814697265625,38857.5,41.930076599121094
2021-04-23,329.3833923339844,38879.875,42.48354721069336
2021-04-26,331.5279846191406,39233.5390625,41.84080123901367
2021-04-27,330.091796875,39278.30859375,42.01042175292969
2021-04-28,328.97576904296875,38861.9765625,42.20681381225586
2021-04-29,330.1597595214844,38730.1171875,42.17110824584961
2021-04-30,327.9957275390625,38461.84765625,41.31411361694336
2021-05-03,326.2489318847656,38216.3203125,41.090938568115234
2021-05-04,320.37786865234375,38539.15234375,40.680301666259766
2021-05-05,319.3005676269531,38539.15234375,40.88561248779297
2021-05-06,321.70733642578125,38766.48046875,41.00167465209961
2021-05-07,324.3178405761719,39016.5625,41.108795166015625
2021-05-10,316.1272888183594,39671.3125,39.93935775756836
2021-05-11,315.690673828125,38975.64453125,39.9304313659668
2021-05-12,307.5196533203125,38329.9921875,39.43944549560547
2021-05-13,309.89715576171875,37888.94921875,38.877044677734375
2021-05-14,316.7386169433594,38243.6015625,39.46622085571289
2021-05-17,314.8172607421875,38079.91015625,39.8500862121582
2021-05-18,312.6919860839844,38530.05859375,40.171451568603516
2021-05-19,313.0510559082031,38530.05859375,40.287506103515625
2021-05-20,319.1065368652344,38407.28125,40.68922805786133
2021-05-21,317.3403625488281,38389.09375,40.29643630981445
2021-05-24,322.677734375,38279.97265625,40.24287414550781
2021-05-25,323.1241455078125,38643.7265625,41.198062896728516
2021-05-26,324.249755859375,38566.41796875,41.44801712036133
2021-05-27,323.0367126464844,38498.21484375,41.421241760253906
2021-05-28,324.0557861328125,38734.6640625,41.27840805053711
2021-05-31,324.0557861328125,38884.71484375,41.27840805053711
2021-06-01,322.9785461425781,39107.5,42.35857391357422
2021-06-02,323.6093444824219,39075.67578125,42.18895721435547
2021-06-03,320.2419738769531,39439.421875,41.349822998046875
2021-06-04,325.6763000488281,39289.3828125,41.77831268310547
2021-06-07,326.6468200683594,39430.3203125,41.33197021484375
2021-06-08,326.802001953125,39353.03125,41.13557434082031
2021-06-09,326.879638671875,38907.4375,41.13557434082031
2021-06-10,330.285888671875,39039.30078125,41.360374450683594
2021-06-11,331.1495361328125,39325.75,41.26185607910156
2021-06-14,334.3228759765625,39307.56640625,41.38724136352539
2021-06-15,332.13946533203125,39398.5,40.822998046875
2021-06-16,330.9263916015625,39639.48828125,40.19605255126953
2021-06-17,335.1283264160156,39412.140625,40.76030731201172
2021-06-18,332.49847412109375,39530.35546875,40.805084228515625
2021-06-21,334.5649719238281,39148.41796875,40.79612731933594
2021-06-22,337.68365478515625,39416.6875,40.46474075317383
2021-06-23,337.8488464355469,39621.3046875,40.975250244140625
2021-06-24,339.93768310546875,39771.34375,41.40515899658203
2021-06-25,339.5198974609375,39971.40234375,42.19331359863281
2021-06-28,343.64898681640625,39930.48828125,42.291831970214844
2021-06-29,344.89263916015625,39775.890625,41.97835922241211
2021-06-30,344.34857177734375,39916.84375,41.494720458984375
2021-07-01,344.48455810546875,39684.95703125,41.27976989746094
2021-07-02,348.4388122558594,39634.9375,40.74238586425781
2021-07-05,348.4388122558594,39821.359375,40.74238586425781
2021-07-06,349.9447326660156,40003.23046875,39.60493850708008
2021-07-07,350.68310546875,39753.15625,39.676578521728516
2021-07-08,348.5650939941406,39339.38671875,38.440608978271484
2021-07-09,350.741455078125,38921.078125,39.54224395751953
2021-07-12,352.1112976074219,39271.18359375,39.40789794921875
2021-07-13,352.1112976074219,39603.109375,39.855712890625
2021-07-14,352.7427673339844,39466.70703125,39.685543060302734
2021-07-15,350.2652893066406,39734.97265625,40.0706672668457
2021-07-16,347.4283752441406,39566.73046875,39.766151428222656
2021-07-19,344.5817565917969,39121.12890625,39.237728118896484
2021-07-20,348.58453369140625,38993.8203125,39.040687561035156
2021-07-21,351.2756652832031,38793.77734375,39.1571159362793
2021-07-22,353.5977478027344,39275.73046875,39.31833267211914
2021-07-23,357.72686767578125,39348.48828125,38.31521987915039
2021-07-26,358.0085754394531,38925.62109375,36.26422119140625
2021-07-27,354.0640869140625,38989.2890625,35.073028564453125
2021-07-28,355.42431640625,39107.5,37.18671798706055
2021-07-29,356.0557556152344,39162.140625,36.66725158691406
2021-07-30,354.2001647949219,38684.1015625,36.30900192260742
2021-08-02,354.2292175292969,38866.21875,36.828468322753906
2021-08-03,356.3763732910156,39207.66796875,36.55082702636719
2021-08-04,356.89129638671875,39758.52734375,37.04342269897461
2021-08-05,359.155029296875,39685.6875,36.631431579589844
2021-08-06,357.5810546875,39499.03515625,36.20152282714844
2021-08-09,358.2418212890625,39316.91796875,36.87324905395508
2021-08-10,356.4055480957031,39061.984375,37.27628707885742
2021-08-11,355.79345703125,38711.42578125,37.589759826660156
2021-08-12,357.07586669921875,38556.625,37.01654815673828
2021-08-13,358.3291931152344,37905.59765625,37.034461975097656
2021-08-16,358.4846496582031,37905.59765625,36.41647720336914
2021-08-17,355.3271179199219,37477.65234375,35.39545440673828
2021-08-18,351.9072265625,37664.3046875,35.68205642700195
2021-08-19,353.60748291015625,36913.11328125,34.965553283691406
2021-08-20,357.27032470703125,36553.4609375,34.63416290283203
2021-08-23,362.6136779785156,36881.2421875,35.305885314941406
2021-08-24,363.7213439941406,37582.35546875,36.541866302490234
2021-08-25,364.13909912109375,37700.7265625,36.23734664916992
2021-08-26,361.8268127441406,37418.4609375,35.66415023803711
2021-08-27,365.34381103515625,37395.68359375,35.950740814208984
2021-08-30,369.4438171386719,37486.75,36.004486083984375
2021-08-31,369.1427001953125,38228.83203125,36.66725158691406
2021-09-01,369.7546081542969,38283.46875,37.48228454589844
2021-09-02,369.579833984375,37932.921875,37.079246520996094
2021-09-03,370.716552734375,38178.765625,37.141937255859375
2021-09-06,370.716552734375,38310.78125,37.141937255859375
2021-09-07,371.2411804199219,38083.1484375,38.01966094970703
2021-09-08,369.9490661621094,37750.80859375,37.607669830322266
2021-09-09,368.6763000488281,37081.55859375,37.258365631103516
2021-09-10,365.8782653808594,37254.5625,37.231502532958984
2021-09-13,365.6256103515625,37336.5078125,37.15089797973633
2021-09-14,364.5860900878906,37573.24609375,36.30900192260742
2021-09-15,367.2966613769531,37627.87890625,36.05821990966797
2021-09-16,367.5492858886719,37300.0859375,35.52979278564453
2021-09-17,363.1966857910156,37395.68359375,35.75370407104492
2021-09-20,355.6918640136719,37395.68359375,34.19530487060547
2021-09-21,356.1295166015625,37395.68359375,34.616249084472656
2021-09-22,359.4559631347656,37395.68359375,35.27902603149414
2021-09-23,362.77276611328125,37336.5078125,34.983463287353516
2021-09-24,363.113037109375,37300.0859375,34.24905014038086
2021-09-27,360.2145690917969,37423.0078125,34.74163818359375
2021-09-28,350.0213928222656,36935.86328125,34.78642654418945
2021-09-29,349.4476013183594,36448.7421875,34.53564453125
2021-09-30,348.1636962890625,36598.98046875,34.86703109741211
2021-10-01,350.32293701171875,35916.0859375,34.58938217163086
2021-10-04,342.96978759765625,35916.0859375,33.729576110839844
2021-10-05,347.599609375,35383.4140625,34.20425796508789
2021-10-06,349.8268737792969,34837.08203125,34.052005767822266
2021-10-07,353.0365905761719,35419.83203125,35.44023513793945
2021-10-08,351.2761535644531,35342.4375,35.78057861328125
2021-10-11,348.5819396972656,35342.4375,35.75370407104492
2021-10-12,347.3661804199219,34736.9296875,35.55666732788086
2021-10-13,350.14794921875,35087.4765625,36.27317810058594
2021-10-14,356.5964050292969,35529.1015625,36.10300827026367
2021-10-15,358.84320068359375,35893.31640625,36.45230484008789
2021-10-18,362.45166015625,35779.4921875,36.66725158691406
2021-10-19,365.1944885253906,36079.96875,37.715145111083984
2021-10-20,364.7179260253906,35920.62109375,37.78679656982422
2021-10-21,366.9452209472656,35856.89453125,37.75096893310547
2021-10-22,363.8619689941406,35888.765625,37.795753479003906
2021-10-25,367.587158203125,36075.42578125,37.91218566894531
2021-10-26,368.74462890625,36412.31640625,37.15089797973633
2021-10-27,369.6005859375,36107.29296875,36.72995376586914
2021-10-28,373.7050476074219,36006.91015625,36.81055450439453
2021-10-29,375.5433349609375,35427.4765625,36.12091827392578
2021-11-01,376.8271789550781,35573.48046875,36.77473068237305
2021-11-02,378.4029235839844,36047.9765625,35.77162170410156
2021-11-03,382.4197692871094,35536.98046875,36.07613754272461
2021-11-04,387.3219299316406,35737.734375,35.86118698120117
2021-11-05,387.6914978027344,35582.609375,35.2342414855957
2021-11-08,387.1662902832031,35536.98046875,35.62832260131836
2021-11-09,384.5013122558594,35628.234375,35.341712951660156
2021-11-10,378.85028076171875,35249.546875,35.66415023803711
2021-11-11,379.900634765625,35244.98046875,37.079246520996094
2021-11-12,383.89825439453125,35619.109375,37.0971565246582
2021-11-15,383.8107604980469,36029.72265625,36.81950759887695
2021-11-16,386.5438537597656,35965.859375,37.285247802734375
2021-11-17,386.7481384277344,35514.16796875,36.86429214477539
2021-11-18,390.75531005859375,35368.16015625,36.06718063354492
2021-11-19,392.9339904785156,35628.234375,36.282135009765625
2021-11-22,388.372314453125,36454.0390625,35.81640625
2021-11-23,386.60211181640625,36134.671875,35.62832260131836
2021-11-24,387.8471374511719,36061.6640625,35.726844787597656
2021-11-25,387.8471374511719,35797.04296875,35.726844787597656
2021-11-26,380.4940185546875,35140.0390625,34.72372817993164
2021-11-29,388.75164794921875,34861.73828125,34.3923454284668
2021-11-30,383.04229736328125,34154.55859375,34.20425796508789
2021-12-01,376.5256652832031,34975.796875,34.123653411865234
2021-12-02,379.2393493652344,35527.859375,34.35652542114258
2021-12-03,372.6448974609375,35797.04296875,33.55940628051758
2021-12-06,375.6308288574219,35865.4765625,34.19530487060547
2021-12-07,386.9425354003906,36162.03515625,34.65207290649414
2021-12-08,388.6738586425781,36321.73046875,34.80433654785156
2021-12-09,382.9548034667969,36431.22265625,34.81329345703125
2021-12-10,387.11761474609375,36230.47265625,34.80433654785156
2021-12-13,381.52508544921875,36257.84765625,34.210166931152344
2021-12-14,377.5760803222656,36052.5390625,34.12864303588867
2021-12-15,386.1839294433594,36061.6640625,33.14137649536133
2021-12-16,376.2533264160156,36271.5390625,33.31346893310547
2021-12-17,374.3761291503906,36362.77734375,32.914939880371094
2021-12-20,370.74456787109375,35692.11328125,32.2175178527832
2021-12-21,379.0420227050781,35965.859375,33.16855239868164
2021-12-22,383.6582336425781,36157.4765625,33.09609603881836
2021-12-23,386.5505676269531,36335.4140625,33.1776123046875
2021-12-24,386.5505676269531,36604.59765625,33.1776123046875
2021-12-27,392.939208984375,36390.16796875,33.0870361328125
2021-12-28,391.1180419921875,36686.71875,32.70661926269531
2021-12-29,391.0595703125,36604.59765625,32.32620620727539
2021-12-30,389.8909912109375,36381.03515625,33.503684997558594
2021-12-31,387.4562683105469,36381.03515625,33.132320404052734
2022-01-03,391.1861877441406,36381.03515625,33.10514831542969
2022-01-04,386.1123352050781,36444.90625,32.507354736328125
2022-01-05,374.2504577636719,35924.80078125,31.91861915588379
2022-01-06,373.9875183105469,35564.3515625,32.480186462402344
2022-01-07,369.93621826171875,36011.4765625,33.1776123046875
2022-01-10,370.17974853515625,35737.734375,33.19572830200195
2022-01-11,375.7405700683594,35842.671875,34.25544738769531
2022-01-12,377.2305908203125,36431.22265625,35.01628112792969
2022-01-13,367.7937927246094,36244.1640625,34.18299865722656
2022-01-14,370.08233642578125,35682.98046875,34.52717590332031
2022-01-17,370.08233642578125,35422.921875,34.52717590332031
2022-01-18,360.8694763183594,35149.17578125,34.146759033203125
2022-01-19,356.90582275390625,34893.68359375,34.291683197021484
2022-01-20,352.2701721191406,35098.984375,35.35140609741211
2022-01-21,342.5021057128906,34702.0546875,34.65398025512695
2022-01-24,344.0701599121094,34309.68359375,34.101470947265625
2022-01-25,336.0940856933594,33474.75390625,34.13770294189453
2022-01-26,335.5682067871094,33369.8125,33.485565185546875
2022-01-27,332.1888427734375,32268.45703125,32.88777160644531
2022-01-28,342.60931396484375,33132.18359375,32.78813934326172
2022-01-31,353.5653991699219,33132.18359375,34.364139556884766
2022-02-01,355.9708557128906,33132.18359375,34.590576171875
2022-02-02,358.8632507324219,33132.18359375,34.291683197021484
2022-02-03,344.31353759765625,33452.078125,34.0833625793457
2022-02-04,348.6570739746094,33890.78515625,34.40037155151367
2022-02-07,345.8523864746094,33543.48046875,34.19205093383789
2022-02-08,349.7381286621094,33607.453125,34.52717590332031
2022-02-09,357.1493225097656,34073.5859375,35.11591720581055
2022-02-10,349.066162109375,34356.9296875,34.69021224975586
2022-02-11,337.9931640625,34037.0234375,34.101470947265625
2022-02-14,338.4119567871094,34037.0234375,33.77540969848633
2022-02-15,346.8262023925781,33374.375,34.291683197021484
2022-02-16,346.7385559082031,33977.61328125,34.50906753540039
2022-02-17,336.4252624511719,34196.96875,34.228275299072266
2022-02-18,332.588134765625,34069.01953125,33.25006103515625
2022-02-21,332.588134765625,34091.8671875,33.25006103515625
2022-02-22,329.2477722167969,33598.30859375,32.36243438720703
2022-02-23,320.81402587890625,33717.1328125,31.98201560974121
2022-02-24,331.5947570800781,32835.12890625,31.746522903442383
2022-02-25,336.7367858886719,33205.30078125,31.90050506591797
2022-02-28,337.7398986816406,33456.6328125,31.610668182373047
2022-03-01,332.568603515625,33456.6328125,31.547260284423828
2022-03-02,338.14892578125,33319.55078125,31.311765670776367
2022-03-03,333.318603515625,33954.765625,30.514707565307617
2022-03-04,328.48809814453125,33429.23046875,29.862565994262695
2022-03-07,316.37310791015625,32679.75390625,28.730377197265625
2022-03-08,314.9026184082031,32254.740234375,28.322792053222656
2022-03-09,326.2384948730469,32254.740234375,28.793781280517578
2022-03-10,322.6155700683594,32921.9609375,27.489500045776367
2022-03-11,315.92510986328125,32798.56640625,26.330142974853516
2022-03-14,309.85791015625,32739.162109375,24.563928604125977
2022-03-15,319.57708740234375,32455.822265625,24.518644332885742
2022-03-16,331.4292907714844,32940.2421875,29.726703643798828
2022-03-17,335.441650390625,33438.3671875,28.630748748779297
2022-03-18,342.30743408203125,33511.484375,30.043710708618164
2022-03-21,341.355712890625,33168.734375,28.784725189208984
2022-03-22,348.0642395019531,33470.36328125,30.052770614624023
2022-03-23,343.0621337890625,33762.828125,29.862565994262695
2022-03-24,350.687255859375,33607.453125,29.5364990234375
2022-03-25,350.3946838378906,33470.36328125,29.09267807006836
2022-03-28,355.81622314453125,33493.2109375,29.545555114746094
2022-03-29,361.9395751953125,33666.86328125,30.179576873779297
2022-03-30,357.9418640136719,33785.68359375,30.016542434692383
2022-03-31,353.5052795410156,33890.78515625,28.956815719604492
2022-04-01,352.83245849609375,33630.296875,30.070890426635742
2022-04-04,360.0967712402344,33790.26171875,31.094385147094727
2022-04-05,352.1011047363281,33758.25390625,30.24298095703125
2022-04-06,344.4565124511719,33410.9453125,29.654247283935547
2022-04-07,345.275634765625,32972.234375,29.21042823791504
2022-04-08,340.448974609375,32995.078125,29.237598419189453
2022-04-11,332.394775390625,32995.078125,28.540172576904297
2022-04-12,330.9906311035156,32684.31640625,28.431480407714844
2022-04-13,337.71875,33305.8359375,28.983989715576172
2022-04-14,329.99609375,33118.46484375,28.657917022705078
2022-04-15,329.99609375,32725.44921875,28.657917022705078
2022-04-18,330.2496337890625,32752.8671875,28.395252227783203
2022-04-19,337.6309509277344,33136.75,28.114471435546875
2022-04-20,332.706787109375,33109.32421875,27.290237426757812
2022-04-21,325.82275390625,33255.5703125,26.484121322631836
2022-04-22,317.29083251953125,32889.96484375,26.728673934936523
2022-04-25,321.3665771484375,32364.423828125,26.429773330688477
2022-04-26,309.2366638183594,32501.5234375,25.868209838867188
2022-04-27,308.8661193847656,32117.6484375,26.692440032958984
2022-04-28,319.83575439453125,32437.51953125,26.90076446533203
2022-04-29,305.44354248046875,32924.2890625,28.023895263671875
2022-05-02,310.5432434082031,32924.2890625,28.141643524169922
2022-05-03,310.8748474121094,32720.31640625,28.549230575561523
2022-05-04,321.38604736328125,32799.125,28.67603302001953
2022-05-05,305.1998291015625,32799.125,27.1724910736084
2022-05-06,301.54327392578125,32344.806640625,26.330142974853516
2022-05-09,289.7447509765625,32344.806640625,25.37004852294922
2022-05-10,293.26483154296875,31871.939453125,25.65988540649414
2022-05-11,284.56707763671875,31867.310546875,25.6689453125
2022-05-12,283.894287109375,31343.4453125,25.6689453125
2022-05-13,294.4154052734375,32085.189453125,26.819250106811523
2022-05-16,291.0026550292969,31960.02734375,26.78302001953125
2022-05-17,298.5400390625,32270.634765625,27.59819221496582
2022-05-18,283.8846130371094,32330.8984375,26.82830238342285
2022-05-19,282.36346435546875,31867.310546875,27.444217681884766
2022-05-20,281.48583984375,32437.51953125,27.552902221679688
2022-05-23,286.16632080078125,32544.150390625,27.489500045776367
2022-05-24,280.0816955566406,31941.482421875,26.438833236694336
2022-05-25,284.00164794921875,32075.923828125,26.77396011352539
2022-05-26,291.8704528808594,31969.30078125,27.824626922607422
2022-05-27,301.3970947265625,32307.71875,28.023895263671875
2022-05-30,301.3970947265625,32729.587890625,28.023895263671875
2022-05-31,300.59747314453125,32859.390625,28.85718536376953
2022-06-01,298.374267578125,32859.390625,28.558286666870117
2022-06-02,306.5454406738281,32502.421875,29.382516860961914
2022-06-03,298.5692443847656,32683.232421875,28.866243362426758
2022-06-06,299.5638732910156,32683.232421875,29.66330337524414
2022-06-07,302.1478271484375,32075.923828125,30.116174697875977
2022-06-08,299.9734191894531,32145.462890625,30.940410614013672
2022-06-09,291.938720703125,32048.107421875,29.763336181640625
2022-06-10,281.6418762207031,31718.958984375,29.781532287597656
2022-06-13,268.5466003417969,30597.0625,28.48074722290039
2022-06-14,269.03411865234375,30476.529296875,29.363096237182617
2022-06-15,275.7524108886719,29934.126953125,29.945262908935547
2022-06-16,264.62677001953125,29915.583984375,28.79002571105957
2022-06-17,267.8445129394531,29693.060546875,29.317615509033203
2022-06-20,267.8445129394531,29215.564453125,29.317615509033203
2022-06-21,274.60211181640625,29382.45703125,30.04532241821289
2022-06-22,274.2015686035156,28640.70703125,29.508638381958008
2022-06-23,278.2852783203125,28408.91015625,29.963457107543945
2022-06-24,287.8202819824219,29006.943359375,30.782133102416992
2022-06-27,285.7100830078125,29377.818359375,31.03682518005371
2022-06-28,277.00543212890625,29604.978515625,31.04593276977539
2022-06-29,277.2593994140625,29108.931640625,30.87309455871582
2022-06-30,273.820556640625,28626.796875,30.84580421447754
2022-07-01,275.6279602050781,28334.736328125,30.87309455871582
2022-07-04,275.6279602050781,28344.009765625,30.87309455871582
2022-07-05,280.3465881347656,28793.693359375,30.727550506591797
2022-07-06,282.1441955566406,28140.029296875,30.336408615112305
2022-07-07,288.1817626953125,28705.607421875,30.991348266601562
2022-07-08,288.543212890625,28863.23046875,30.582012176513672
2022-07-11,282.378662109375,28700.9765625,29.26303482055664
2022-07-12,279.6431884765625,28427.455078125,29.090206146240234
2022-07-13,279.0667724609375,28575.8046875,28.87189292907715
2022-07-14,280.06329345703125,28473.810546875,28.462554931640625
2022-07-15,285.1434326171875,28645.34375,28.226051330566406
2022-07-18,282.7303771972656,29280.46875,28.77182960510254
2022-07-19,291.4251708984375,29183.107421875,29.062917709350586
2022-07-20,296.04632568359375,29400.998046875,28.88098907470703
2022-07-21,300.2960510253906,29720.876953125,29.117494583129883
2022-07-22,295.0302429199219,29535.439453125,28.47165298461914
2022-07-25,293.34991455078125,29651.337890625,28.708158493041992
2022-07-26,287.5858154296875,29757.96484375,28.60809898376465
2022-07-27,299.7391052246094,29767.236328125,28.93556785583496
2022-07-28,302.66998291015625,29897.04296875,28.5626163482666
2022-07-29,308.18975830078125,30026.84765625,27.63478660583496
2022-08-01,308.0041809082031,30012.935546875,27.26183319091797
2022-08-02,307.0858154296875,29850.68359375,27.070812225341797
2022-08-03,315.4485168457031,30059.296875,27.298221588134766
2022-08-04,316.9237365722656,30212.28515625,27.72574806213379
2022-08-05,314.3348083496094,30411.62890625,27.416473388671875
2022-08-08,313.3187561035156,30355.998046875,27.17087173461914
2022-08-09,309.7724609375,30453.35546875,26.99803924560547
2022-08-10,318.41851806640625,30096.38671875,26.861597061157227
2022-08-11,316.6111145019531,30597.0625,27.35279655456543
2022-08-12,322.7757568359375,30712.96484375,27.507434844970703
2022-08-15,325.38421630859375,30712.96484375,27.361894607543945
2022-08-16,324.6221618652344,30791.7734375,27.043519973754883
2022-08-17,320.9194641113281,30634.15234375,26.98894500732422
2022-08-18,321.6912841796875,30518.2578125,26.697860717773438
2022-08-19,315.41925048828125,30342.08984375,26.54322052001953
2022-08-22,307.1150817871094,29948.037109375,26.743343353271484
2022-08-23,306.8611145019531,29572.52734375,26.697860717773438
2022-08-24,307.75018310546875,29693.060546875,26.816110610961914
2022-08-25,313.1917724609375,30040.75390625,28.162376403808594
2022-08-26,300.3546447753906,30059.296875,27.925870895385742
2022-08-29,297.39447021484375,29336.095703125,27.67116928100586
2022-08-30,294.08258056640625,29655.974609375,26.925268173217773
2022-08-31,292.37286376953125,29883.1328125,27.480146408081055
2022-09-01,292.4999084472656,29206.29296875,27.17087173461914
2022-09-02,288.36737060546875,29044.029296875,26.615989685058594
2022-09-05,288.36737060546875,29044.029296875,26.615989685058594
2022-09-06,286.2962341308594,29044.029296875,26.08839988708496
2022-09-07,292.079833984375,28622.166015625,26.406776428222656
2022-09-08,293.5940856933594,28677.79296875,26.070207595825195
2022-09-09,300.0127258300781,28677.79296875,26.716053009033203
2022-09-12,303.5784912109375,28677.79296875,27.06171226501465
2022-09-13,286.9313049316406,29581.802734375,25.924667358398438
2022-09-14,289.2075500488281,28997.673828125,25.951955795288086
2022-09-15,284.39111328125,28835.419921875,25.851896286010742
2022-09-16,282.6521911621094,28631.435546875,25.460752487182617
2022-09-19,284.8533020019531,28427.455078125,25.551715850830078
2022-09-20,282.5826721191406,28524.806640625,25.351598739624023
2022-09-21,277.52276611328125,28260.560546875,24.678464889526367
2022-09-22,274.10711669921875,27954.58984375,24.532920837402344
2022-09-23,269.64422607421875,27611.533203125,24.20545196533203
2022-09-26,268.5284729003906,26934.689453125,24.350996017456055
2022-09-27,268.6361083984375,26985.685546875,24.13268280029297
2022-09-28,273.9798889160156,26322.748046875,24.39647674560547
2022-09-29,266.0816650390625,26332.01953125,23.60508918762207
2022-09-30,261.56982421875,26216.12109375,23.523223876953125
2022-10-03,267.70635986328125,26216.12109375,23.6232852935791
2022-10-04,276.123291015625,26851.244140625,24.57840347290039
2022-10-05,275.9764404296875,26855.880859375,24.760332107543945
2022-10-06,273.8037414550781,27152.576171875,24.56930923461914
2022-10-07,263.37066650390625,27050.587890625,23.987140655517578
2022-10-10,260.7379150390625,27050.587890625,23.259429931640625
2022-10-11,257.1558532714844,26498.9140625,22.622684478759766
2022-10-12,257.0677490234375,26726.072265625,22.47713851928711
2022-10-13,263.0965881347656,26299.5703125,22.286117553710938
2022-10-14,255.18865966796875,26939.326171875,21.97684097290039
2022-10-17,263.6153869628906,26957.8671875,22.649972915649414
2022-10-18,265.70001220703125,27305.564453125,22.468050003051758
2022-10-19,264.7310485839844,27083.037109375,21.522022247314453
2022-10-20,263.3804016113281,26818.79296875,21.622081756591797
2022-10-21,269.5561218261719,26874.421875,21.758527755737305
2022-10-24,272.5216064453125,27124.76171875,19.584497451782227
2022-10-25,278.1589660644531,27166.486328125,19.957447052001953
2022-10-26,272.0125732421875,27351.921875,20.70334815979004
2022-10-27,267.0603942871094,27909.83984375,20.15756607055664
2022-10-28,275.232666015625,27550.587890625,19.593589782714844
2022-10-31,272.0322265625,27961.1640625,19.056907653808594
2022-11-01,269.252685546875,28385.736328125,19.86648178100586
2022-11-02,260.0234680175781,28334.4140625,19.957447052001953
2022-11-03,254.94390869140625,28175.77734375,20.15756607055664
2022-11-04,259.04473876953125,28423.060546875,21.68575668334961
2022-11-07,261.8927917480469,28726.32421875,21.79491424560547
2022-11-08,263.80133056640625,29141.568359375,21.77672004699707
2022-11-09,257.7137145996094,29430.837890625,20.885276794433594
2022-11-10,276.7300720214844,29062.251953125,22.15877342224121
2022-11-11,281.8291931152344,30228.662109375,23.1502742767334
2022-11-14,279.36279296875,30037.373046875,23.27762222290039
2022-11-15,283.22869873046875,30121.3515625,24.478343963623047
2022-11-16,279.36279296875,30065.359375,23.93256187438965
2022-11-17,278.74615478515625,29668.78515625,24.496536254882812
2022-11-18,278.7559814453125,29603.46875,23.73244285583496
2022-11-21,275.8883056640625,29374.853515625,23.36858558654785
2022-11-22,279.8619079589844,29164.892578125,23.141176223754883
2022-11-23,282.6707763671875,29360.8515625,23.44135856628418
2022-11-24,282.6707763671875,29636.125,23.44135856628418
2022-11-25,280.811279296875,29514.81640625,23.04111671447754
2022-11-28,276.6908264160156,29155.564453125,23.24123764038086
2022-11-29,274.59649658203125,29486.822265625,24.423763275146484
2022-11-30,287.1141662597656,29930.0625,25.61539077758789
2022-12-01,287.4664306640625,30107.35546875,25.23334503173828
2022-12-02,286.32135009765625,29435.505859375,25.951955795288086
2022-12-05,281.51593017578125,29342.19140625,25.870092391967773
2022-12-06,275.6827697753906,28968.94140625,26.197559356689453
2022-12-07,274.5572814941406,28805.642578125,25.633583068847656
2022-12-08,277.8066101074219,28805.642578125,26.470449447631836
2022-12-09,276.03515625,29141.568359375,26.33400535583496
2022-12-12,279.4997863769531,28959.609375,26.024728775024414
2022-12-13,282.5044250488281,28936.27734375,26.343338012695312
2022-12-14,280.4099426269531,29262.87109375,26.51053810119629
2022-12-15,270.9948425292969,28777.6484375,25.87889289855957
2022-12-16,268.4110107421875,28642.345703125,25.95320701599121
2022-12-19,264.6388854980469,28647.0078125,25.804582595825195
2022-12-20,264.4328918457031,28409.064453125,25.414445877075195
2022-12-21,268.26873779296875,28339.076171875,26.12969207763672
2022-12-22,261.70550537109375,28707.666015625,25.97178077697754
2022-12-23,262.2941589355469,28213.10546875,25.82316017150879
2022-12-26,262.2941589355469,28255.09765625,25.82316017150879
2022-12-27,258.58575439453125,28455.71875,27.049293518066406
2022-12-28,255.17172241210938,28119.794921875,26.157560348510742
2022-12-29,261.3915710449219,27615.904296875,26.947118759155273
2022-12-30,261.2346496582031,27615.904296875,26.2876033782959
2023-01-02,261.2346496582031,27452.607421875,26.2876033782959
2023-01-03,259.46875,27452.607421875,27.23507308959961
2023-01-04,260.7048645019531,28031.1484375,28.972097396850586
2023-01-05,256.6236877441406,28255.09765625,28.907075881958008
2023-01-06,263.70684814453125,28558.365234375,28.981388092041016
2023-01-09,265.4139099121094,29328.193359375,28.981388092041016
2023-01-10,267.6605224609375,29365.517578125,29.34365463256836
2023-01-11,272.29107666015625,29416.841796875,29.640899658203125
2023-01-12,273.7626647949219,29500.822265625,29.390100479125977
2023-01-13,275.64630126953125,29715.443359375,29.8080997467041
2023-01-16,275.64630126953125,29953.388671875,29.8080997467041
2023-01-17,276.2054443359375,29715.443359375,29.157875061035156
2023-01-18,272.6148681640625,29524.1484375,28.86992073059082
2023-01-19,269.9365234375,29706.111328125,29.445833206176758
2023-01-20,277.3238830566406,29902.06640625,30.179656982421875
2023-01-23,283.48486328125,29902.06640625,30.514055252075195
2023-01-24,282.90606689453125,29902.06640625,30.458322525024414
2023-01-25,282.2781982421875,30373.296875,30.523344039916992
2023-01-26,287.7818908691406,30793.203125,30.922767639160156
2023-01-27,290.6465759277344,31035.818359375,30.86703872680664
2023-01-30,284.7700500488281,30544.81640625,29.72450065612793
2023-01-31,289.03765869140625,30072.52734375,29.538721084594727
2023-02-01,295.2182922363281,30399.85546875,30.19822883605957
2023-02-02,305.8136291503906,30727.19140625,29.603744506835938
2023-02-03,300.37860107421875,30853.44140625,28.879209518432617
2023-02-06,297.8376770019531,30152.01953125,28.4426326751709
2023-02-07,304.0085144042969,30339.0625,28.68414306640625
2023-02-08,298.6029052734375,30811.357421875,28.284719467163086
2023-02-09,295.9638977050781,30713.16015625,28.814186096191406
2023-02-10,294.0213928222656,30633.662109375,27.996761322021484
2023-02-13,298.73040771484375,30451.29296875,28.46120834350586
2023-02-14,300.9378356933594,30633.662109375,28.20111846923828
2023-02-15,303.2433166503906,30053.818359375,27.978185653686523
2023-02-16,297.55316162109375,30652.3671875,27.996761322021484
2023-02-17,295.4537658691406,30381.15234375,27.43014144897461
2023-02-20,295.4537658691406,30484.029296875,27.43014144897461
2023-02-21,288.4588317871094,30441.9453125,27.11431884765625
2023-02-22,288.6746826171875,29913.53515625,26.882095336914062
2023-02-23,291.1960144042969,30292.302734375,26.73347282409668
2023-02-24,286.32012939453125,30021.0859375,25.925334930419922
2023-02-27,288.3705139160156,29754.541015625,26.269023895263672
2023-02-28,287.99774169921875,29838.71484375,25.97178077697754
2023-03-01,285.6824951171875,29838.71484375,27.049293518066406
2023-03-02,288.0467834472656,29913.53515625,27.541606903076172
2023-03-03,294.0018005371094,29978.998046875,27.504453659057617
2023-03-06,294.3353271484375,30399.85546875,27.19791603088379
2023-03-07,290.72503662109375,30240.865234375,26.705604553222656
2023-03-08,292.177001953125,29810.65625,26.41765022277832
2023-03-09,287.1148376464844,29717.134765625,25.442312240600586
2023-03-10,283.0826416015625,29394.4765625,25.423736572265625
2023-03-13,285.1821594238281,29632.962890625,25.581647872924805
2023-03-14,291.7355041503906,28940.888671875,25.74884605407715
2023-03-15,293.2659606933594,29305.630859375,25.386581420898438
2023-03-16,300.99664306640625,29198.078125,25.711692810058594
2023-03-17,299.5741271972656,29534.76171875,25.646669387817383
2023-03-20,300.6373291015625,29319.658203125,25.628093719482422
2023-03-21,304.9311828613281,29394.4765625,25.990358352661133
2023-03-22,300.78472900390625,29763.89453125,26.073959350585938
2023-03-23,304.3514099121094,29852.7421875,26.89138412475586
2023-03-24,305.47149658203125,29749.8671875,26.779916763305664
2023-03-27,303.37872314453125,29614.2578125,26.231870651245117
2023-03-28,301.7672424316406,29960.29296875,27.309383392333984
2023-03-29,307.2696228027344,30007.056640625,27.318674087524414
2023-03-30,310.17803955078125,30217.484375,27.78312110900879
2023-03-31,315.33660888671875,30572.875,27.43014144897461
2023-04-03,314.57012939453125,30418.5625,27.309383392333984
2023-04-04,313.5090026855469,30558.84375,27.188629150390625
2023-04-05,310.41387939453125,30731.86328125,26.872806549072266
2023-04-06,312.5067138671875,30184.748046875,27.207204818725586
2023-04-07,312.5067138671875,30699.1328125,27.207204818725586
2023-04-10,312.3298645019531,30993.7265625,27.11431884765625
2023-04-11,310.325439453125,31400.560546875,27.13289451599121
2023-04-12,307.5840759277344,31498.7578125,26.389780044555664
2023-04-13,313.6072998046875,31559.548828125,27.002851486206055
2023-04-14,313.01763916015625,31671.775390625,26.668447494506836
2023-04-17,313.282958984375,31681.125,27.39298439025879
2023-04-18,313.3026123046875,31634.373046875,27.281518936157227
2023-04-19,313.1552429199219,31657.75390625,26.947118759155273
2023-04-20,310.7676086425781,31564.22265625,26.7706298828125
2023-04-21,311.09185791015625,31405.236328125,26.3804931640625
2023-04-24,310.443359375,31190.130859375,26.111116409301758
2023-04-25,304.5872802734375,30797.33203125,25.40515899658203
2023-04-26,306.4344787597656,30764.595703125,25.82316017150879
2023-04-27,314.7667236328125,30868.8828125,26.185426712036133
2023-04-28,316.9381408691406,30930.509765625,26.315471649169922
2023-05-01,316.5745849609375,30930.509765625,26.21329116821289
2023-05-02,313.81353759765625,31267.068359375,25.720983505249023
2023-05-03,311.7600402832031,30987.392578125,25.6002254486084
2023-05-04,310.6595458984375,30868.8828125,26.2876033782959
2023-05-05,317.2623596191406,30868.8828125,26.631296157836914
2023-05-08,318.0484619140625,31257.587890625,26.835649490356445
2023-05-09,316.03424072265625,31162.783203125,26.41765022277832
2023-05-10,319.47320556640625,30968.4296875,26.231870651245117
2023-05-11,320.5147705078125,30883.10546875,26.51053810119629
2023-05-12,319.3650817871094,30736.15625,25.813871383666992
2023-05-15,321.0945129394531,30821.478515625,26.974985122680664
2023-05-16,321.4579772949219,30906.80859375,26.696319580078125
2023-05-17,325.3489990234375,31006.3515625,26.41765022277832
2023-05-18,331.3917541503906,31006.3515625,26.05537986755371
2023-05-19,330.6450500488281,31745.84375,25.916048049926758
2023-05-22,331.75531005859375,31949.67578125,26.334049224853516
2023-05-23,327.5498962402344,32044.478515625,25.535202026367188
2023-05-24,325.8696594238281,32044.478515625,25.02431297302246
2023-05-25,333.799072265625,31897.529296875,24.5134220123291
2023-05-26,342.3277893066406,32006.564453125,24.922136306762695
2023-05-30,343.8802185058594,32437.927734375,24.188312530517578
2023-05-31,341.9249572753906,32205.646484375,24.123287200927734
2023-06-01,345.8749084472656,32101.3671875,24.736356735229492
2023-06-02,348.4687805175781,32513.763671875,25.47947120666504
2023-06-05,348.7144775390625,32608.57421875,25.442312240600586
2023-06-06,348.655517578125,32608.57421875,25.999649047851562
2023-06-07,342.7404479980469,32537.4765625,25.685815811157227
2023-06-08,346.9949951171875,32494.81640625,25.956684112548828
2023-06-09,348.32147216796875,32926.17578125,25.984703063964844
2023-06-12,354.2071228027344,32712.865234375,25.919322967529297
2023-06-13,356.9288330078125,32869.29296875,26.218212127685547
2023-06-14,359.5227966308594,32708.12109375,26.57314109802246
2023-06-15,363.80682373046875,32594.357421875,27.16158103942871
2023-06-16,361.51739501953125,32750.791015625,27.002798080444336
2023-06-19,361.51739501953125,32570.65625,27.002798080444336
2023-06-20,360.9998779296875,32513.763671875,25.844602584838867
2023-06-21,356.08026123046875,32210.390625,25.685815811157227
2023-06-22,360.2815856933594,32290.9765625,25.629772186279297
2023-06-23,356.71002197265625,32134.544921875,25.09737777709961
2023-06-26,351.9281311035156,32295.71875,25.22814178466797
2023-06-27,357.97918701171875,32281.5,25.779220581054688
2023-06-28,358.6778259277344,32106.1015625,25.56439208984375
2023-06-29,357.95953369140625,32101.3671875,25.162757873535156
2023-06-30,363.4793395996094,32196.169921875,25.396265029907227
2023-07-03,364.33538818359375,32196.169921875,25.881959915161133
2023-07-05,364.3255310058594,32196.169921875,25.583070755004883
2023-07-06,361.55084228515625,32196.169921875,24.845190048217773
2023-07-07,360.3504333496094,31560.97265625,25.386926651000977
2023-07-10,360.4685363769531,31508.826171875,25.36824607849121
2023-07-11,362.24945068359375,31508.826171875,25.5363712310791
2023-07-12,366.8246765136719,31508.826171875,26.302274703979492
2023-07-13,373.0528564453125,31508.826171875,26.900053024291992
2023-07-14,372.97418212890625,33044.68359375,26.42369842529297
2023-07-17,376.4572448730469,32916.69921875,26.292932510375977
2023-07-18,379.536865234375,32916.69921875,25.704496383666992
2023-07-19,379.4483337402344,32665.458984375,25.872621536254883
2023-07-20,370.70135498046875,32565.9140625,25.779220581054688
2023-07-21,369.5894470214844,32599.103515625,25.79789924621582
2023-07-24,370.17987060546875,32812.4140625,26.34897232055664
2023-07-25,372.6888732910156,32812.4140625,26.675886154174805
2023-07-26,371.4490966796875,32442.669921875,27.058837890625
2023-07-27,370.5635681152344,32442.669921875,26.619844436645508
2023-07-28,377.31329345703125,32689.166015625,28.095611572265625
2023-07-31,377.5099792480469,32689.166015625,28.41318130493164
2023-08-01,376.6343688964844,32689.166015625,27.722000122070312
2023-08-02,368.3694152832031,32689.166015625,26.872034072875977
2023-08-03,367.7790832519531,32433.193359375,27.600574493408203
2023-08-04,366.0572204589844,32437.927734375,27.208280563354492
2023-08-07,369.1565246582031,32357.337890625,27.105541229248047
2023-08-08,366.0178527832031,32087.142578125,26.60116195678711
2023-08-09,361.9936218261719,32437.927734375,26.71324920654297
2023-08-10,362.66265869140625,32333.640625,26.92807388305664
2023-08-11,360.3504333496094,32229.359375,26.078107833862305
2023-08-14,364.3944396972656,31940.1953125,25.83526039123535
2023-08-15,360.527587890625,31940.1953125,25.41494369506836
2023-08-16,356.71002197265625,31461.419921875,24.891887664794922
2023-08-17,352.813720703125,31366.615234375,25.07869529724121
2023-08-18,352.3708801269531,31200.70703125,24.462236404418945
2023-08-21,358.04815673828125,31224.404296875,24.42487335205078
2023-08-22,357.5364685058594,31347.658203125,24.415531158447266
2023-08-23,363.1742858886719,31281.29296875,24.9385929107666
2023-08-24,355.41119384765625,31707.9140625,25.05067253112793
2023-08-25,358.1661682128906,31361.87890625,25.00397491455078
2023-08-28,360.8621520996094,31575.19140625,25.60175132751465
2023-08-29,368.7433166503906,31722.140625,26.106128692626953
2023-08-30,370.7996826171875,31816.94921875,25.92866325378418
2023-08-31,371.91156005859375,31831.16796875,25.592409133911133
2023-09-01,371.5179748535156,32148.765625,26.1901912689209
2023-09-04,371.5179748535156,32352.595703125,26.1901912689209
2023-09-05,371.9902038574219,32319.419921875,25.807239532470703
2023-09-06,368.7137756347656,32091.88671875,25.881959915161133
2023-09-07,366.0768737792969,31930.712890625,25.144079208374023
2023-09-08,366.5885009765625,31978.115234375,25.10671615600586
2023-09-11,370.90789794921875,32068.185546875,25.442968368530273
2023-09-12,366.7951354980469,31902.275390625,25.499008178710938
2023-09-13,368.1922912597656,31925.966796875,25.284181594848633
2023-09-14,371.20306396484375,32376.30078125,25.499008178710938
2023-09-15,364.84698486328125,32798.1875,25.386926651000977
2023-09-18,365.227294921875,32404.7421875,25.265501022338867
2023-09-19,364.4488830566406,32158.248046875,25.200117111206055
2023-09-20,359.197021484375,32153.505859375,25.022655487060547
2023-09-21,352.61492919921875,31589.412109375,24.480915069580078
2023-09-22,352.6641540527344,31475.646484375,25.34956169128418
2023-09-25,354.33929443359375,31504.083984375,24.957271575927734
2023-09-26,349.01837158203125,31091.6796875,24.611679077148438
2023-09-27,349.8362731933594,31167.5234375,24.667722702026367
2023-09-28,352.76275634765625,31167.5234375,24.527620315551758
2023-09-29,353.0188903808594,31167.5234375,24.77980613708496
2023-10-02,355.965087890625,31167.5234375,24.630361557006836
2023-10-03,349.718017578125,31167.5234375,24.0512638092041
2023-10-04,354.4772644042969,30342.7109375,23.84577751159668
2023-10-05,353.4327392578125,30352.189453125,23.995222091674805
2023-10-06,359.35467529296875,30409.07421875,24.499595642089844
2023-10-09,361.1874084472656,30409.07421875,24.49025535583496
2023-10-10,363.1876525878906,30480.181640625,25.116056442260742
2023-10-11,365.7791748046875,30992.1328125,25.358901977539062
2023-10-12,364.50799560546875,31342.9140625,24.919912338256836
2023-10-13,359.9261779785156,31067.98046875,24.73310089111328
2023-10-16,363.99566650390625,30830.9609375,24.891887664794922
2023-10-17,362.8033752441406,31210.185546875,24.7050838470459
2023-10-18,358.044189453125,31342.9140625,24.294109344482422
2023-10-19,354.6940002441406,30745.638671875,23.873796463012695
2023-10-20,349.4027404785156,30281.0859375,23.37876319885254
2023-10-23,350.45709228515625,30119.9140625,23.58424949645996
2023-10-24,353.8663330078125,30352.189453125,24.340810775756836
2023-10-25,345.2051696777344,30186.27734375,23.84577751159668
2023-10-26,338.6230773925781,29413.615234375,23.892478942871094
2023-10-27,340.2488708496094,29442.052734375,23.976543426513672
2023-10-30,344.0818176269531,29522.8984375,24.228729248046875
2023-10-31,345.7273864746094,29161.470703125,23.836435317993164
2023-11-01,351.7281188964844,29565.6953125,23.799072265625
2023-11-02,358.1131591796875,30055.529296875,24.0512638092041
2023-11-03,362.320556640625,30359.88671875,24.611679077148438
2023-11-06,363.798583984375,31781.81640625,24.686403274536133
2023-11-07,367.2374572753906,31206.3828125,24.574316024780273
2023-11-08,367.4739074707031,30916.296875,24.396854400634766
2023-11-09,364.6459045410156,31063.71875,24.060604095458984
2023-11-10,372.8440246582031,30887.76171875,23.985881805419922
2023-11-13,371.68133544921875,30863.98046875,24.303451538085938
2023-11-14,379.6822814941406,31182.611328125,24.826509475708008
2023-11-15,379.9680480957031,31857.904296875,25.41494369506836
2023-11-16,380.2932434082031,31834.130859375,24.378173828125
2023-11-17,380.38189697265625,31672.431640625,24.396854400634766
2023-11-20,385.0130615234375,31924.484375,24.92925262451172
2023-11-21,382.7762756347656,32076.666015625,24.434215545654297
2023-11-22,384.343017578125,32133.732421875,24.555639266967773
2023-11-23,384.343017578125,32138.490234375,24.555639266967773
2023-11-24,383.80108642578125,31886.4453125,24.621021270751953
2023-11-27,383.466064453125,31848.39453125,24.303451538085938
2023-11-28,384.4710388183594,32214.580078125,24.013900756835938
2023-11-29,384.0966796875,32109.951171875,23.406782150268555
2023-11-30,383.1310119628906,32295.431640625,23.500186920166016
2023-12-01,384.2247619628906,31929.240234375,23.247997283935547
2023-12-04,380.6578369140625,32090.935546875,22.70625877380371
2023-12-05,381.6136169433594,31739.017578125,22.36067008972168
2023-12-06,379.4064025878906,31843.640625,22.370010375976562
2023-12-07,384.7075500488281,31719.994140625,22.444734573364258
2023-12-08,386.4219970703125,32181.28515625,22.13650131225586
2023-12-11,389.72296142578125,32290.673828125,22.220565795898438
2023-12-12,392.8268737792969,32423.826171875,22.370010375976562
2023-12-13,397.8224792480469,32109.951171875,22.295286178588867
2023-12-14,397.4776306152344,32499.908203125,22.584836959838867
2023-12-15,399.3990478515625,32685.38671875,22.53813362121582
2023-12-18,401.91473388671875,32790.0078125,22.30462646484375
2023-12-19,403.96832275390625,32818.54296875,22.603517532348633
2023-12-20,397.9654235839844,33451.04296875,21.949159622192383
2023-12-21,402.595947265625,33232.28125,22.715608596801758
2023-12-22,403.19818115234375,33336.8984375,22.083290100097656
2023-12-26,405.66650390625,33474.8125,22.24616050720215
2023-12-27,406.49237060546875,33845.75,22.27490234375
2023-12-28,406.29473876953125,34402.1640625,22.87847900390625
2023-12-29,404.5364074707031,34402.1640625,23.022192001342773
2024-01-02,397.6907653808594,34611.40625,22.26531982421875
2024-01-03,393.48260498046875,33650.77734375,22.677288055419922
2024-01-04,391.4575500488281,33355.92578125,22.38028907775879
2024-01-05,391.9218444824219,33260.8125,22.255741119384766
2024-01-08,400.02203369140625,33151.4375,21.977903366088867
2024-01-09,400.8122863769531,33027.78515625,21.537193298339844
2024-01-10,403.52880859375,32666.365234375,21.546775817871094
2024-01-11,404.3684997558594,32718.67578125,21.872516632080078
2024-01-12,404.575927734375,32404.802734375,21.776710510253906
2024-01-15,404.575927734375,32542.71875,21.776710510253906
2024-01-16,404.5364074707031,32095.6875,21.09648895263672
2024-01-17,402.2545166015625,31311.013671875,20.550395965576172
2024-01-18,407.96417236328125,31311.013671875,20.627038955688477
2024-01-19,416.05450439453125,31929.240234375,20.770748138427734
2024-01-22,416.5978698730469,31962.52734375,20.253393173217773
2024-01-23,418.3265380859375,32128.978515625,21.182714462280273
2024-01-24,420.64794921875,32005.3359375,21.815034866333008
2024-01-25,421.1616516113281,32043.37109375,21.795873641967773
2024-01-26,418.65252685546875,32100.44140625,21.652164459228516
2024-01-29,422.939697265625,32480.890625,21.355165481567383
2024-01-30,420.1244201660156,32423.669921875,21.01026153564453
2024-01-31,411.8957214355469,32266.294921875,20.847394943237305
2024-02-01,416.7460021972656,32819.484375,20.943199157714844
2024-02-02,423.78924560546875,33878.17578125,20.51207160949707
2024-02-05,423.23614501953125,33468.0546875,20.962360382080078
2024-02-06,422.38653564453125,33339.29296875,22.159934997558594
2024-02-07,426.7329406738281,33811.41015625,21.67132568359375
2024-02-08,427.5232849121094,33849.56640625,21.173131942749023
2024-02-09,431.7314147949219,33849.56640625,21.422229766845703
2024-02-12,430.0422058105469,33849.56640625,21.76712989807129
2024-02-13,423.3348083496094,34264.45703125,21.268939971923828
2024-02-14,427.94805908203125,33797.109375,21.719228744506836
2024-02-15,429.2223205566406,33749.41796875,21.80545425415039
2024-02-16,425.3302917480469,34088.01171875,22.102449417114258
2024-02-19,425.3302917480469,34622.125,22.102449417114258
2024-02-20,422.1197814941406,34216.76953125,21.958744049072266
2024-02-21,420.43060302734375,34140.4765625,22.600645065307617
2024-02-22,432.7389831542969,34316.9140625,22.945545196533203
2024-02-23,431.4646301269531,34421.8359375,23.108415603637695
2024-02-26,431.2374572753906,34145.234375,22.9072208404541
2024-02-27,432.2746887207031,33854.3359375,23.300025939941406
2024-02-28,429.9730529785156,34269.2265625,22.47609519958496
2024-02-29,433.6576232910156,34178.6171875,22.437772750854492
2024-03-01,440.1872253417969,34178.6171875,22.91680335998535
2024-03-04,438.6165466308594,34669.8125,22.40903091430664
2024-03-05,430.74359130859375,34393.21875,22.064130783081055
2024-03-06,433.45025634765625,34269.2265625,22.54315948486328
2024-03-07,440.0292053222656,34293.06640625,22.35154914855957
2024-03-08,433.6773986816406,34793.80078125,22.485673904418945
2024-03-11,432.0672912597656,34502.90625,23.031768798828125
2024-03-12,438.2609558105469,34798.5703125,23.52996063232422
2024-03-13,434.89251708984375,34960.71875,23.606603622436523
2024-03-14,433.7959899902344,35275.4609375,23.127574920654297
2024-03-15,428.6395263671875,34612.578125,22.98386573791504
2024-03-18,432.7275695800781,34831.953125,23.022192001342773
2024-03-19,433.8057556152344,34417.0625,22.9072208404541
2024-03-20,438.94921875,35022.71484375,23.11799430847168
2024-03-21,441.0264587402344,35971.71875,23.012609481811523
2024-03-22,441.53094482421875,35866.8125,22.68686866760254
2024-03-25,439.9284973144531,35723.7421875,22.715608596801758
2024-03-26,438.5041809082031,36076.63671875,22.840158462524414
2024-03-27,439.99774169921875,36095.71484375,22.81141471862793
2024-03-28,439.18670654296875,36076.63671875,23.060510635375977
2024-03-29,439.18670654296875,36195.85546875,23.060510635375977
2024-04-01,440.1164855957031,36219.703125,23.376672744750977
2024-04-02,436.31817626953125,36319.8515625,23.56828498840332
2024-04-03,437.2973937988281,35771.4296875,23.424575805664062
2024-04-04,430.61083984375,36281.69140625,23.300025939941406
2024-04-05,435.68511962890625,35909.72265625,23.175479888916016
2024-04-08,435.81378173828125,36062.32421875,23.33835220336914
2024-04-09,437.426025390625,35838.19140625,23.558704376220703
2024-04-10,433.60797119140625,35838.19140625,23.44373321533203
2024-04-11,440.5318603515625,35823.88671875,23.664093017578125
2024-04-12,433.509033203125,35475.75390625,22.840158462524414
2024-04-15,426.3773498535156,35318.38671875,22.91680335998535
2024-04-16,426.41693115234375,34502.90625,22.677288055419922
2024-04-17,421.2140197753906,34126.15625,22.658126831054688
2024-04-18,418.8104248046875,34722.265625,23.070093154907227
2024-04-19,410.1456298828125,34068.93359375,23.003028869628906
2024-04-22,414.2703552246094,34526.74609375,23.39583396911621
2024-04-23,420.4524230957031,34488.59375,23.75989532470703
2024-04-24,421.87677001953125,35122.859375,24.21018409729004
2024-04-25,419.8392028808594,34517.2109375,24.37305450439453
2024-04-26,426.3179931640625,34913.03125,24.785022735595703
2024-04-29,428.0489501953125,35255.7421875,25.014955520629883
2024-04-30,419.9776306152344,35381.23828125,24.420957565307617
2024-05-01,416.94097900390625,35381.23828125,24.602989196777344
2024-05-02,422.26251220703125,35250.9140625,26.011335372924805
2024-05-03,430.7493591308594,35221.94921875,26.18379020690918
2024-05-06,435.4675598144531,35221.94921875,26.164627075195312
2024-05-07,435.5367431640625,36037.6953125,25.790985107421875
2024-05-08,435.2795715332031,36163.1953125,25.695175170898438
2024-05-09,436.2291259765625,35757.734375,26.250850677490234
2024-05-10,437.2578125,35941.15625,26.605337142944336
2024-05-13,438.26678466796875,35873.58203125,27.170591354370117
2024-05-14,441.08575439453125,35945.984375,26.835269927978516
2024-05-15,447.9800720214844,35945.984375,27.141849517822266
2024-05-16,447.0700988769531,36288.69140625,27.937040328979492
2024-05-17,446.85247802734375,35863.9296875,28.099910736083984
2024-05-20,449.96826171875,36163.1953125,27.793331146240234
2024-05-21,450.8486022949219,35974.94140625,27.362201690673828
2024-05-22,450.75958251953125,35974.94140625,27.017301559448242
2024-05-23,448.7318420410156,35974.94140625,26.471206665039062
2024-05-24,452.9752197265625,35415.02734375,26.423303604125977
2024-05-27,452.9752197265625,35907.37109375,26.423303604125977
2024-05-28,454.6864318847656,35945.984375,26.404142379760742
2024-05-29,451.48162841796875,35419.85546875,25.982595443725586
2024-05-30,446.644775390625,34777.875,26.011335372924805
2024-05-31,445.81390380859375,34763.390625,25.513145446777344
2024-06-03,448.2076110839844,35390.89453125,25.6376953125
2024-06-04,449.43408203125,35130.234375,25.838886260986328
2024-06-05,458.4945983886719,35482.6015625,26.059242248535156
2024-06-06,458.33636474609375,35482.6015625,26.049659729003906
2024-06-07,457.9307861328125,35950.8125,25.388599395751953
2024-06-10,459.7804260253906,35637.0625,25.628114700317383
2024-06-11,462.935791015625,35670.85546875,25.440696716308594
2024-06-12,468.99920654296875,35984.6015625,25.38302993774414
2024-06-13,471.54132080078125,36230.77734375,25.363807678222656
2024-06-14,473.9845275878906,36351.44921875,25.152362823486328
2024-06-17,479.7907409667969,36153.54296875,25.46953010559082
2024-06-18,479.9390869140625,36534.87109375,25.527196884155273
2024-06-19,479.9390869140625,37080.3125,25.527196884155273
2024-06-20,476.23974609375,37225.1171875,25.834753036499023
2024-06-21,474.9637451171875,36906.53515625,25.392641067504883
2024-06-24,469.5564270019531,36626.58203125,25.68097496032715
2024-06-25,474.9260559082031,36732.76953125,25.479141235351562
2024-06-26,475.9068908691406,37036.87109375,25.488752365112305
2024-06-27,477.1353759765625,36993.421875,24.883249282836914
2024-06-28,474.6585998535156,37210.63671875,24.979360580444336
2024-07-01,477.4424743652344,37283.0390625,25.065860748291016
2024-07-02,482.45550537109375,37017.55859375,25.402254104614258
2024-07-03,486.4778137207031,37172.0234375,25.85397720336914
2024-07-04,486.4778137207031,37669.1953125,25.85397720336914
2024-07-05,491.5502014160156,38364.26953125,25.411863327026367
2024-07-08,492.71923828125,38238.765625,25.21002960205078
2024-07-09,493.145263671875,38373.921875,25.46953010559082
2024-07-10,498.2869873046875,38359.44140625,25.35419464111328
2024-07-11,487.3594970703125,38595.95703125,25.892419815063477
2024-07-12,490.2226257324219,38065.0,26.161531448364258
2024-07-15,491.540283203125,38306.33984375,25.575252532958984
2024-07-16,491.7285461425781,38330.48046875,25.575252532958984
2024-07-17,477.29388427734375,38011.90234375,25.229251861572266
2024-07-18,475.0350341796875,37731.94140625,24.99858283996582
2024-07-19,470.8245849609375,37287.8671875,24.81597137451172
2024-07-22,477.83880615234375,36916.19140625,25.33497428894043
2024-07-23,476.1545715332031,37022.390625,24.979360580444336
2024-07-24,459.07476806640625,36805.171875,24.700639724731445
2024-07-25,454.01220703125,36134.23046875,24.402692794799805
2024-07-26,458.6685791015625,36327.3125,24.527637481689453
2024-07-29,459.5899353027344,36761.734375,24.566082000732422
2024-07-30,453.2791442871094,36417.66796875,24.34502601623535
2024-07-31,466.6932678222656,36950.7265625,24.68141746520996
2024-08-01,455.3892822265625,36979.80078125,24.33541488647461
2024-08-02,444.5807189941406,35492.08203125,24.220083236694336
2024-08-05,431.3250427246094,32235.57421875,24.056692123413086
2024-08-06,435.44635009765625,33127.234375,23.81641387939453
2024-08-07,430.7305603027344,33883.2109375,23.922136306762695
2024-08-08,443.90704345703125,33631.22265625,24.49880599975586
2024-08-09,446.22528076171875,34091.58984375,24.46036148071289
2024-08-12,447.18621826171875,34484.11328125,24.6525821685791
2024-08-13,458.28216552734375,34600.41796875,24.796749114990234
2024-08-14,458.4308166503906,34925.1015625,24.33541488647461
2024-08-15,470.01220703125,34925.1015625,24.835193634033203
2024-08-16,470.6164855957031,35753.76953125,25.33497428894043
2024-08-19,476.7985534667969,35438.78125,25.565643310546875
2024-08-20,475.79791259765625,35792.53125,24.98897361755371
2024-08-21,478.01708984375,35744.0703125,25.24847412109375
2024-08-22,470.438232421875,35797.3828125,25.056251525878906
2024-08-23,475.54034423828125,35773.1484375,25.450305938720703
2024-08-26,470.92364501953125,35584.15625,25.24847412109375
2024-08-27,472.3304443359375,35584.15625,25.527196884155273
2024-08-28,466.970703125,35467.85546875,25.12352752685547
2024-08-29,466.28717041015625,34997.7890625,25.306140899658203
2024-08-30,471.8450012207031,35181.94140625,25.43108367919922
2024-09-02,471.8450012207031,35143.171875,25.43108367919922
2024-09-03,457.5193176269531,34847.5625,24.98897361755371
2024-09-04,456.3304748535156,33636.06640625,24.969749450683594
2024-09-05,456.7565002441406,33582.76171875,24.844806671142578
2024-09-06,444.521240234375,33282.30859375,24.50841522216797
2024-09-09,450.23760986328125,33059.390625,24.527637481689453
2024-09-10,454.39862060546875,32918.85546875,24.469970703125
2024-09-11,464.26605224609375,32608.71484375,24.719860076904297
2024-09-12,468.8233337402344,33354.9921875,24.710247039794922
2024-09-13,470.92364501953125,33427.68359375,24.85441780090332
2024-09-16,468.8431396484375,33427.68359375,24.99858283996582
2024-09-17,469.0908508300781,33427.68359375,25.315752029418945
2024-09-18,467.05987548828125,33427.68359375,25.171585083007812
2024-09-19,478.8691101074219,33369.5390625,26.075031280517578
2024-09-20,477.95770263671875,33451.91796875,26.094253540039062
2024-09-23,479.2245788574219,33553.6875,26.6036434173584
2024-09-24,481.53619384765625,33955.90234375,29.217876434326172
2024-09-25,481.9826354980469,33456.76171875,28.410539627075195
2024-09-26,485.60382080078125,34581.03515625,30.678770065307617
2024-09-27,482.9052734375,34440.5,30.91904640197754
2024-09-30,484.21484375,33650.6015625,30.544214248657227
2024-10-01,477.46856689453125,33650.6015625,31.812885284423828
2024-10-02,478.1431579589844,33296.83984375,34.10033416748047
2024-10-03,477.7860107421875,33296.83984375,33.158447265625
2024-10-04,483.47076416015625,33282.30859375,34.32139205932617
2024-10-07,478.2920227050781,33810.5234375,35.26328659057617
2024-10-08,485.4351501464844,33553.6875,32.033939361572266
2024-10-09,489.2546691894531,33553.6875,31.514938354492188
2024-10-10,488.69915771484375,33616.6796875,31.928220748901367
2024-10-11,489.4630432128906,33660.30078125,32.072383880615234
2024-10-14,493.57037353515625,34057.66796875,31.466886520385742
2024-10-15,486.972900390625,34178.81640625,29.890655517578125
2024-10-16,487.03240966796875,33868.67578125,30.419267654418945
2024-10-17,487.3697509765625,33946.20703125,29.65037727355957
2024-10-18,490.5643005371094,33747.5234375,30.91904640197754
2024-10-21,491.5068054199219,33844.4453125,30.505767822265625
2024-10-22,492.04254150390625,33350.15234375,30.746047973632812
2024-10-23,484.5025329589844,33781.44921875,30.678770065307617
2024-10-24,488.4312744140625,33500.37890625,30.496158599853516
2024-10-25,491.4075622558594,33524.60546875,30.48654556274414
2024-10-28,491.4869689941406,33829.90234375,31.015161514282227
2024-10-29,496.2093505859375,33917.1328125,30.794103622436523
2024-10-30,492.459228515625,33917.1328125,30.40004539489746
2024-10-31,480.02813720703125,33148.8359375,30.332767486572266
2024-11-01,483.57989501953125,32915.421875,30.448102951049805
2024-11-04,482.171142578125,33464.90234375,30.630714416503906
2024-11-05,488.3221740722656,33464.90234375,31.370769500732422
2024-11-06,501.5865478515625,33197.4609375,30.448102951049805
2024-11-07,509.48358154296875,33182.8671875,32.12043762207031
2024-11-08,510.0789489746094,33143.97265625,30.246267318725586
2024-11-11,509.78131103515625,32609.072265625,30.246267318725586
2024-11-12,508.858642578125,31928.30078125,29.131376266479492
2024-11-13,508.2038269042969,31111.37109375,29.092931747436523
2024-11-14,504.6719970703125,30980.08203125,28.78537368774414
2024-11-15,492.6477355957031,31203.76171875,28.977596282958984
2024-11-18,496.0704650878906,31928.30078125,29.52543067932129
2024-11-19,499.48333740234375,32040.142578125,29.208263397216797
2024-11-20,499.1955871582031,32103.357421875,29.34282112121582
2024-11-21,500.99127197265625,32142.26171875,29.169818878173828
2024-11-22,501.7948913574219,32429.15234375,28.535484313964844
2024-11-25,502.5885314941406,32808.44921875,28.54509735107422
2024-11-26,505.287109375,32706.328125,28.372095108032227
2024-11-27,501.3087158203125,32453.46875,29.131376266479492
2024-11-28,501.3087158203125,32356.216796875,29.131376266479492
2024-11-29,505.7136535644531,31743.517578125,29.131376266479492
2024-12-02,511.21978759765625,31801.87109375,29.189043045043945
2024-12-03,512.787353515625,32268.6875,29.313987731933594
2024-12-04,519.1268920898438,31831.05078125,29.102542877197266
2024-12-05,517.6882934570312,31607.36328125,29.189043045043945
2024-12-06,522.3214111328125,31446.89453125,29.573490142822266
2024-12-09,518.2537841796875,30664.0078125,32.00510787963867
2024-12-10,516.4879150390625,31286.427734375,30.544214248657227
2024-12-11,525.7342529296875,31612.228515625,30.255878448486328
2024-12-12,522.3413696289062,32064.45703125,30.275102615356445
2024-12-13,526.3394165039062,32210.3359375,29.890655517578125
2024-12-16,533.9190673828125,32093.6328125,29.400487899780273
2024-12-17,531.5678100585938,31724.06640625,29.918476104736328
2024-12-18,512.3905029296875,32171.4375,29.31366729736328
2024-12-19,510.10870361328125,31442.03515625,29.499013900756836
2024-12-20,514.5631713867188,30989.8046875,29.674602508544922
2024-12-23,519.576416015625,31510.111328125,29.947742462158203
2024-12-24,526.6217651367188,31534.421875,30.328184127807617
2024-12-26,526.2640380859375,31349.642578125,30.357450485229492
2024-12-27,519.2684326171875,31262.11328125,30.094064712524414
2024-12-30,512.3621826171875,31179.44921875,29.74288558959961
2024-12-31,508.0097961425781,31179.44921875,29.69411277770996
2025-01-02,507.0160827636719,31111.37109375,29.157588958740234
2025-01-03,515.3134765625,31733.794921875,29.645336151123047
2025-01-06,521.2359008789062,32414.5703125,29.255138397216797
2025-01-07,511.9349365234375,32424.291015625,28.89420509338379
2025-01-08,512.0242919921875,32735.505859375,28.786901473999023
2025-01-09,512.0242919921875,32759.81640625,28.786901473999023
2025-01-10,503.9952087402344,32711.193359375,27.947973251342773
2025-01-13,502.37548828125,32278.416015625,28.084543228149414
2025-01-14,501.89849853515625,32419.4296875,28.699106216430664
2025-01-15,513.4453125,32370.8046875,29.089303970336914
2025-01-16,509.84814453125,32832.75390625,29.09906005859375
2025-01-17,518.4535522460938,32764.685546875,29.66484832763672
2025-01-20,518.4535522460938,32711.193359375,29.66484832763672
2025-01-21,521.4943237304688,32740.3671875,29.99651527404785
2025-01-22,528.162109375,33114.79296875,29.78190803527832
2025-01-23,529.284912109375,32759.81640625,29.81117057800293
2025-01-24,526.2937622070312,32954.9609375,30.552547454833984
2025-01-27,510.97100830078125,32954.9609375,30.8256893157959
2025-01-28,518.5231323242188,32954.9609375,31.17686653137207
2025-01-29,517.54931640625,32954.9609375,31.050052642822266
2025-01-30,519.7553100585938,32954.9609375,31.79142951965332
2025-01-31,519.0000610351562,32632.978515625,31.10858154296875
2025-02-03,514.8463745117188,31740.189453125,30.942747116088867
2025-02-04,521.1663208007812,32135.357421875,31.67437171936035
2025-02-05,523.5313720703125,32515.888671875,31.147602081298828
2025-02-06,526.2640380859375,32842.76171875,31.489025115966797
2025-02-07,519.6260986328125,32628.09765625,31.927997589111328
2025-02-10,525.9161987304688,32696.400390625,32.79619216918945
2025-02-11,524.6641845703125,32954.9609375,32.52305221557617
2025-02-12,524.9722290039062,32998.87109375,33.33271408081055
2025-02-13,532.5244750976562,33364.765625,33.322959899902344
2025-02-14,534.7601928710938,33530.63671875,34.181396484375
2025-02-17,534.7601928710938,33774.56640625,34.181396484375
2025-02-18,535.9724731445312,34023.375,34.43502426147461
2025-02-19,536.12158203125,34716.13671875,34.1911506652832
2025-02-20,533.845947265625,34413.6640625,34.854488372802734
2025-02-21,522.7662353515625,34452.69140625,35.351993560791016
2025-02-24,516.5953369140625,34238.0390625,34.1716423034668
2025-02-25,510.08660888671875,34057.52734375,34.513065338134766
2025-02-26,511.31878662109375,34228.28125,35.54709243774414
2025-02-27,497.1188049316406,34091.6796875,35.16664505004883
2025-02-28,504.9690856933594,32959.8359375,34.36674118041992
2025-03-03,493.9190673828125,32959.8359375,33.66437911987305
2025-03-04,492.42852783203125,32876.90625,34.181396484375
2025-03-05,498.8478698730469,33125.70703125,35.88851547241211
2025-03-06,485.1248474121094,33452.58203125,36.06410598754883
2025-03-07,488.6922302246094,33296.46875,36.05434799194336
2025-03-10,469.7523193359375,33374.5234375,35.0886116027832
2025-03-11,468.62939453125,32998.87109375,35.498313903808594
2025-03-12,473.9159240722656,33520.875,35.45929718017578
2025-03-13,465.3899230957031,33359.88671875,35.69341278076172
2025-03-14,476.6386413574219,33545.2734375,36.7371940612793
2025-03-17,479.7290344238281,34199.00390625,37.60538864135742
2025-03-18,471.5509033203125,34281.9375,37.54685974121094
2025-03-19,477.86090087890625,34574.65625,37.39078140258789
2025-03-20,476.2412109375,34808.82421875,36.31773376464844
2025-03-21,477.8111877441406,34974.70703125,35.664154052734375
2025-03-24,488.29644775390625,34852.734375,35.771453857421875
2025-03-25,491.08294677734375,34691.74609375,35.4105224609375
2025-03-26,482.04669189453125,34984.45703125,35.381256103515625
2025-03-27,479.2999572753906,34555.140625,35.781211853027344
2025-03-28,466.68109130859375,33998.984375,34.961795806884766
2025-03-31,466.66119384765625,33042.77734375,34.961795806884766
2025-04-01,470.4229431152344,33516.0,34.88375473022461
2025-04-02,473.8563232421875,33350.12890625,34.66914367675781
2025-04-03,448.4891357421875,32935.44921875,34.35698699951172
2025-04-04,420.6339416503906,32642.728515625,31.937755584716797
2025-04-07,421.6490173339844,30783.982421875,29.264894485473633
2025-04-08,414.0557861328125,30769.34765625,28.864940643310547
2025-04-09,463.7552185058594,30257.09375,30.903728485107422
2025-04-10,444.03070068359375,32120.71875,30.786666870117188
2025-04-11,452.2110900878906,32023.150390625,32.132850646972656
2025-04-14,455.2762756347656,32228.05078125,32.55231475830078
2025-04-15,455.7837829589844,32545.16015625,32.36697006225586
2025-04-16,442.0403137207031,32037.78515625,31.625595092773438
2025-04-17,441.9607238769531,32354.89453125,31.60608673095703
2025-04-18,441.9607238769531,32574.4296875,31.60608673095703
2025-04-21,431.0236511230469,32618.337890625,31.635353088378906
2025-04-22,442.33892822265625,32511.005859375,32.64011001586914
2025-04-23,452.3703308105469,33096.44140625,33.00104904174805
2025-04-24,465.0987243652344,33037.89453125,33.27418518066406
2025-04-25,470.28363037109375,33345.24609375,33.147369384765625
2025-04-28,470.13433837890625,33369.640625,33.16687774658203
2025-04-29,473.23931884765625,33600.859375,32.971778869628906
2025-04-30,473.1795959472656,33531.6953125,33.030311584472656
2025-05-01,479.3597106933594,33531.6953125,32.9620246887207
2025-05-02,486.4752502441406,33561.3359375,34.05458068847656
2025-05-05,483.5892028808594,33561.3359375,34.015560150146484
2025-05-06,479.0909729003906,33561.3359375,34.40576171875
2025-05-07,480.9718933105469,33847.89453125,33.625362396240234
2025-05-08,485.9378662109375,33862.7109375,34.14237594604492
2025-05-09,485.619384765625,33857.7734375,33.97654342651367
2025-05-12,505.4036560058594,34337.0078125,35.15689468383789
2025-05-13,513.1063842773438,34416.05859375,34.8642463684082
2025-05-14,516.1814575195312,34875.53515625,35.4202766418457
2025-05-15,516.7487182617188,34618.6171875,34.874000549316406
2025-05-16,518.9978637695312,34747.07421875,34.76669692993164
2025-05-19,519.4954833984375,34356.76953125,34.98130416870117
2025-05-20,517.7638549804688,34425.94140625,35.371498107910156
2025-05-21,510.5685729980469,34643.32421875,35.20566940307617
2025-05-22,511.5240173339844,34198.671875,35.03007507324219
2025-05-23,506.7868957519531,34228.31640625,35.0886116027832
2025-05-26,506.7868957519531,34771.78125,35.0886116027832
2025-05-27,518.709228515625,34880.47265625,34.7276725769043
2025-05-28,516.4102783203125,35354.765625,34.376495361328125
2025-05-29,517.4254760742188,36056.328125,34.74718475341797
2025-05-30,516.609375,35710.48828125,34.14237594604492
2025-06-02,520.6896362304688,35695.66796875,34.48379898071289
2025-06-03,524.7598876953125,35695.66796875,34.825225830078125
2025-06-04,526.222900390625,36698.6015625,35.47880554199219
2025-06-05,522.2620239257812,37340.87890625,35.73243713378906
2025-06-06,527.3673095703125,37340.87890625,35.69341278076172
2025-06-09,528.1435546875,37988.09375,36.15189743041992
2025-06-10,531.6366577148438,38210.41796875,36.307979583740234
2025-06-11,529.8452758789062,38660.015625,36.493324279785156
2025-06-12,531.0892333984375,38729.18359375,36.34699630737305
2025-06-13,524.421630859375,38403.1015625,35.68366241455078
2025-06-16,531.7162475585938,39104.66015625,36.27622604370117
2025-06-17,526.5313720703125,39208.4140625,35.85084915161133
2025-06-18,526.4417114257812,39539.4375,35.36610794067383
2025-06-19,526.4417114257812,39603.6640625,35.36610794067383
2025-06-20,524.292236328125,40157.0078125,35.13857650756836
2025-06-23,529.6832275390625,40117.484375,35.69256591796875
2025-06-24,537.7831420898438,41441.55859375,36.70161056518555
2025-06-25,539.157958984375,41570.0078125,36.66204071044922
2025-06-26,544.19921875,41194.52734375,36.76096725463867
2025-06-27,546.0624389648438,40942.55859375,36.41472625732422
2025-06-30,549.5992431640625,41204.4140625,36.36526107788086
2025-07-01,544.9664916992188,41322.984375,36.434513092041016
2025-07-02,548.7622680664062,41164.8828125,36.29601287841797
2025-07-03,554.1622924804688,41802.21875,35.880523681640625
2025-07-04,554.1622924804688,40996.90625,35.880523681640625
2025-07-07,549.9878540039062,41061.13671875,35.92009353637695
2025-07-08,550.2966918945312,41821.98046875,36.29601287841797
2025-07-09,554.1921997070312,41945.49609375,35.79148864746094
2025-07-10,553.3952026367188,42488.9609375,36.127838134765625
2025-07-11,552.1497802734375,42513.6640625,36.0882682800293
2025-07-14,554.1524047851562,42908.90625,36.51365280151367
2025-07-15,554.660400390625,43190.51953125,37.23581314086914
2025-07-16,555.2283325195312,42785.390625,37.0676383972168
2025-07-17,559.7216796875,42869.38671875,37.18634796142578
2025-07-18,559.1836547851562,42824.91796875,37.651302337646484
2025-07-21,562.0828857421875,43170.7578125,37.79969024658203
2025-07-22,559.1736450195312,42577.890625,38.32400131225586
2025-07-23,561.7242431640625,42731.04296875,38.66035079956055
2025-07-24,562.9197998046875,42686.58203125,38.48228454589844
2025-07-25,564.2747802734375,42795.27734375,38.23496627807617
2025-07-28,566.0381469726562,43017.6015625,38.06679153442383
2025-07-29,565.1614379882812,43309.09765625,37.80958557128906
2025-07-30,565.918701171875,43682.125,37.374305725097656
2025-07-31,562.9197998046875,43577.953125,37.037960052490234
2025-08-01,551.8309936523438,41807.0546875,36.434513092041016
2025-08-04,562.0130615234375,42288.22265625,37.0676383972168
2025-08-05,558.1973266601562,42863.640625,37.23581314086914
2025-08-06,565.2212524414062,42838.83984375,37.38420104980469
2025-08-07,567.1341552734375,43205.91796875,37.334739685058594
2025-08-08,572.4244384765625,43101.74609375,37.26548767089844
2025-08-11,570.730712890625,43111.66796875,36.929141998291016
2025-08-12,577.9041137695312,42972.7734375,37.532588958740234
2025-08-13,578.1930541992188,43414.25390625,38.67024230957031
2025-08-14,577.7447509765625,43374.5703125,37.92829513549805
2025-08-15,575.2042236328125,43374.5703125,37.92829513549805
2025-08-18,574.9749755859375,42719.7890625,38.16572189331055
2025-08-19,567.1740112304688,42417.19921875,37.80958557128906
2025-08-20,563.8064575195312,42164.2109375,38.017330169677734
2025-08-21,561.1962280273438,42268.3828125,37.95797348022461
2025-08-22,569.85400390625,42620.578125,38.818634033203125
2025-08-25,568.2100830078125,43141.4296875,38.719703674316406
2025-08-26,570.4916381835938,42734.66796875,38.79884719848633
2025-08-27,571.368408203125,42804.11328125,37.80958557128906
2025-08-28,574.9451293945312,43022.375,38.14593505859375
2025-08-29,568.2899169921875,42858.68359375,38.4921760559082
2025-09-01,568.2899169921875,42139.41015625,38.4921760559082
2025-09-02,563.5274658203125,42585.85546875,38.83841323852539
2025-09-03,567.9611206054688,42799.16015625,38.4921760559082
2025-09-04,573.1019287109375,42957.89453125,37.91840362548828
2025-09-05,573.9288940429688,43131.5078125,38.48228454589844
2025-09-08,576.7284545898438,43300.1640625,39.016483306884766
2025-09-09,578.3624877929688,43890.46875,39.540794372558594
2025-09-10,578.5517578125,44813.1171875,39.29347610473633
2025-09-11,581.9192504882812,45105.78515625,40.30252456665039
2025-09-12,584.4896240234375,46018.515625,40.05521011352539
2025-09-15,589.4911499023438,46291.34375,40.34209442138672
2025-09-16,588.992919921875,47045.33984375,40.609195709228516
2025-09-17,587.8173217773438,46469.921875,41.173072814941406
2025-09-18,593.11767578125,47283.4453125,40.63887405395508
2025-09-19,597.1326904296875,47109.82421875,40.490482330322266
2025-09-22,600.667724609375,47571.15234375,40.21349334716797
2025-09-23,596.6779174804688,47953.109375,39.669395446777344
2025-09-24,594.583251953125,47804.296875,40.13434982299805
2025-09-25,592.0198364257812,47819.17578125,40.233272552490234
2025-09-26,594.4535522460938,46673.30078125,39.89692687988281
2025-09-29,597.20654296875,47387.61328125,40.539947509765625
2025-09-30,598.8424072265625,47258.640625,40.69822692871094
2025-10-01,601.7150268554688,47754.69140625,40.93565368652344
2025-10-02,604.188720703125,49178.35546875,41.30167770385742
2025-10-03,601.645263671875,49178.35546875,40.9752197265625
2025-10-06,606.1636962890625,49178.35546875,40.95543670654297
2025-10-07,602.9718627929688,49178.35546875,40.490482330322266
2025-10-08,609.88427734375,49178.35546875,40.609195709228516
2025-10-09,609.1461181640625,49178.35546875,40.07499313354492
2025-10-10,588.0000610351562,50428.3984375,37.91840362548828
2025-10-13,600.4782104492188,49967.0703125,39.10551452636719
2025-10-14,596.4783935546875,49461.10546875,38.97691345214844
2025-10-15,600.6876220703125,50835.16015625,39.372615814208984
2025-10-16,598.4633178710938,52169.53125,39.560577392578125
2025-10-17,602.393310546875,52318.34765625,39.57046890258789
2025-10-20,609.98388671875,53275.71875,40.05521011352539
2025-10-21,609.8244018554688,53389.8125,39.511112213134766
2025-10-22,603.9493408203125,53994.9921875,39.313262939453125
2025-10-23,609.0264282226562,53424.5390625,39.97606658935547
2025-10-24,615.52978515625,54818.43359375,40.11456298828125
2025-10-27,626.4918823242188,56326.4296875,40.63887405395508
2025-10-28,631.3095703125,55765.890625,40.421234130859375
2025-10-29,634.15234375,56931.609375,40.53005599975586
2025-10-30,624.45703125,57130.51171875,39.7188606262207
2025-10-31,627.4693603515625,57826.6796875,39.28358459472656
2025-11-03,630.4716796875,59601.91015625,39.40229797363281
2025-11-04,617.6743774414062,57960.94140625,38.947235107421875
2025-11-05,621.6941528320312,56354.78515625,39.34294128417969
2025-11-06,610.1136474609375,56663.0859375,39.70896530151367
2025-11-07,608.1885375976562,55638.7265625,39.511112213134766
2025-11-10,621.6442260742188,57339.36328125,40.32230758666992
2025-11-11,619.9884643554688,57876.41015625,40.32230758666992
2025-11-12,619.4996948242188,58478.09375,40.470699310302734
2025-11-13,606.8519897460938,58746.6171875,40.21349334716797
2025-11-14,607.310791015625,56200.6328125,39.689178466796875
2025-11-17,602.1240234375,57399.03515625,39.24401092529297
2025-11-18,594.792724609375,55494.51953125,39.085731506347656
2025-11-19,598.3436889648438,55106.65234375,38.69002914428711
2025-11-20,584.1798095703125,56290.140625,38.16572189331055
2025-11-21,588.568603515625,53928.140625,38.30421447753906
2025-11-24,603.6201782226562,53913.22265625,38.92744827270508
2025-11-25,607.3406982421875,54306.0625,39.17476272583008
2025-11-26,612.70703125,55772.984375,38.947235107421875
2025-11-27,612.70703125,56165.82421875,38.947235107421875
2025-11-28,617.6743774414062,55345.33984375,39.10551452636719
2025-12-01,615.599609375,55270.75,39.21433639526367
2025-12-02,620.4173583984375,56364.7265625,39.065948486328125
2025-12-03,621.9335327148438,56981.3359375,38.7889518737793
2025-12-04,621.35498046875,56837.12890625,38.887882232666016
2025-12-05,623.8884887695312,57921.1640625,39.46165084838867
2025-12-08,622.6915893554688,58696.890625,39.04616165161133
2025-12-09,623.4595947265625,58383.6171875,38.403141021728516
2025-12-10,626.0130615234375,58358.75,38.67024230957031
2025-12-11,623.98828125,57881.37890625,38.7691650390625
2025-12-12,612.0587158203125,58672.03125,38.66035079956055
2025-12-15,608.9865112304688,57339.36328125,38.32400131225586
2025-12-16,610.1934204101562,56091.234375,37.959999084472656
2025-12-17,598.8822631835938,57175.265625,37.849998474121094
2025-12-18,607.5601806640625,56508.93359375,38.209999084472656
2025-12-19,615.4799194335938,56807.29296875,38.599998474121094
2025-12-22,618.4302368164062,58105.1484375,38.630001068115234
2025-12-23,621.3265380859375,58274.21875,38.529998779296875
2025-12-24,623.144287109375,58289.13671875,38.54999923706055
2025-12-26,623.1043090820312,58786.3984375,38.93000030517578
2025-12-29,620.088134765625,60387.5859375,38.470001220703125
2025-12-30,618.64990234375,60561.62890625,38.66999816894531
2025-12-31,613.536376953125,60561.62890625,38.290000915527344
2026-01-02,612.347900390625,62316.9609375,39.81999969482422
2026-01-05,617.2117309570312,64683.93359375,39.93000030517578
2026-01-06,622.6348876953125,65847.5234375,39.90999984741211
2026-01-07,623.2341918945312,66354.7421875,39.279998779296875
2026-01-08,619.6885986328125,66255.28125,39.400001525878906
2026-01-09,625.86083984375,66812.21875,39.349998474121094
2026-01-12,626.3801879882812,67239.859375,40.63999938964844
2026-01-13,625.4513549804688,68090.1796875,40.25
2026-01-14,618.769775390625,68463.1328125,40.040000915527344
2026-01-15,620.9970092773438,69631.6953125,40.0
2026-01-16,620.4776611328125,70367.640625,39.29999923706055
2026-01-19,620.4776611328125,71387.0390625,39.29999923706055
2026-01-20,607.2942504882812,70800.265625,38.869998931884766
2026-01-21,615.50390625,71362.171875,39.34000015258789
2026-01-22,619.978271484375,72132.9296875,39.47999954223633
2026-01-23,621.935791015625,72625.21875,39.439998626708984
2026-01-26,624.67236328125,71909.1640625,39.45000076293945
2026-01-27,630.335205078125,74365.640625,39.939998626708984
2026-01-28,632.4225463867188,75757.9765625,40.5
2026-01-29,628.6373291015625,76693.8125,40.779998779296875
2026-01-30,621.0868530273438,76962.6171875,39.61000061035156
2026-02-02,625.3515014648438,72378.015625,39.16999816894531
2026-02-03,615.7435913085938,77943.2578125,38.720001220703125
2026-02-04,604.9871826171875,79033.40625,38.27000045776367
2026-02-05,596.2781982421875,75673.3515625,38.20000076293945
2026-02-06,608.8822631835938,74861.9609375,39.220001220703125
2026-02-09,613.54638671875,77993.03125,39.400001525878906
2026-02-10,610.699951171875,78087.609375,39.529998779296875
2026-02-11,612.337890625,78764.6015625,39.470001220703125
2026-02-12,599.8836059570312,81611.9375,38.65999984741211
2026-02-13,601.1619873046875,81497.4453125,38.33000183105469
2026-02-17,600.542724609375,81497.4453125,38.52000045776367
2026-02-18,605.027099609375,81497.4453125,38.720001220703125
2026-02-19,602.7100219726562,84016.234375,38.61000061035156
2026-02-20,608.0433349609375,85917.78125,38.810001373291016
2026-02-23,600.652587890625,86554.9453125,38.68000030517578
2026-02-24,607.1044921875,88690.4453125,38.369998931884766
2026-02-25,615.9033813476562,90487.453125,38.41999816894531
2026-02-26,608.4727783203125,94604.1328125,37.38999938964844
2026-02-27,606.5252075195312,93703.140625,37.279998779296875
2026-03-02,607.32421875,93703.140625,36.900001525878906
2026-03-03,600.8224487304688,86320.984375,36.060001373291016
2026-03-04,609.9808959960938,75563.84375,36.209999084472656
2026-03-05,608.1431274414062,83199.8671875,35.58000183105469
2026-03-06,598.9946899414062,83189.9140625,35.81999969482422
2026-03-09,606.99462890625,77883.5234375,36.47999954223633
2026-03-10,607.004638671875,82532.8359375,36.59000015258789
2026-03-11,606.9247436523438,83453.7421875,36.400001525878906
2026-03-12,596.5078735351562,82831.5078125,36.15999984741211
2026-03-13,592.9722900390625,81178.859375,36.2400016784668
2026-03-16,599.6239013671875,82617.4609375,36.880001068115234
2026-03-17,602.5502319335938,84260.15625,36.88999938964844
2026-03-18,594.15087890625,88974.1796875,36.20000076293945
2026-03-19,592.273193359375,86365.7890625,36.189998626708984
2026-03-20,581.3269653320312,86276.1875,35.15999984741211
2026-03-23,588.0,80666.140625,35.380001068115234
2026-03-24,583.97998046875,83135.15625,35.34000015258789
2026-03-25,587.8200073242188,84135.703125,36.0
2026-03-26,573.7899780273438,81238.59375,34.93000030517578
2026-03-27,562.5800170898438,80865.2578125,34.849998474121094
2026-03-30,558.280029296875,78331.53125,35.0
2026-03-31,577.1799926757812,75095.921875,35.900001525878906
2026-04-01,584.3099975585938,81806.0703125,35.560001373291016
2026-04-02,584.97998046875,77843.6953125,35.560001373291016
2026-04-03,584.97998046875,80218.1328125,35.560001373291016
2026-04-06,588.5,81387.9296875,35.54999923706055
2026-04-07,588.5900268554688,82403.4140625,35.47999954223633
2026-04-08,606.0900268554688,88605.8203125,36.349998474121094
2026-04-09,610.1900024414062,86863.5703125,36.290000915527344
2026-04-10,611.0700073242188,88262.3515625,36.25
2026-04-13,617.3900146484375,87490.78125,36.459999084472656
2026-04-14,628.5999755859375,90029.484375,36.88999938964844
2026-04-15,637.4000244140625,92254.5859375,36.880001068115234
2026-04-16,640.469970703125,94290.53125,37.22999954223633
2026-04-17,648.8499755859375,93633.453125,37.599998474121094
2026-04-20,646.7899780273438,94081.4609375,37.65999984741211
2026-04-21,644.3300170898438,96490.7421875,37.11000061035156
2026-04-22,655.1099853515625,96869.0625,36.970001220703125
2026-04-23,651.4199829101562,97919.390625,36.4900016784668
2026-04-24,663.8800048828125,97565.9609375,36.86000061035156
2026-04-27,664.22998046875,99796.0390625,36.45000076293945
2026-04-28,657.5499877929688,100254.0,36.25
2026-04-29,661.5700073242188,101045.0,36.34000015258789
2026-04-30,667.739990234375,99905.0,36.790000915527344
2026-05-01,674.1500244140625,99905.0,36.810001373291016
2026-05-04,672.8800048828125,105295.0,36.54999923706055
2026-05-05,681.6099853515625,105295.0,36.4900016784668
2026-05-06,695.77001953125,113270.0,37.4900016784668
2026-05-07,694.9400024414062,115620.0,37.189998626708984
2026-05-08,711.22998046875,115810.0,37.2400016784668
2026-05-11,713.2899780273438,121805.0,37.470001220703125
2026-05-12,707.239990234375,119100.0,37.33000183105469
2026-05-13,714.7100219726562,122655.0,38.2599983215332
2026-05-14,719.7899780273438,124855.0,37.2400016784668
2026-05-15,708.9299926757812,117200.0,36.20000076293945
2026-05-18,705.8800048828125,117840.0,36.15999984741211
2026-05-19,701.530029296875,114315.0,36.279998779296875
2026-05-20,713.1500244140625,113340.0,36.2400016784668
2026-05-21,714.510009765625,123060.0,35.88999938964844
2026-05-22,717.5399780273438,123350.0,35.52000045776367
2026-05-26,730.280029296875,126755.0,35.75
2026-05-27,729.4500122070312,130600.0,35.31999969482422
2026-05-28,735.5999755859375,129990.0,34.9900016784668
2026-05-29,738.3099975585938,134815.0,35.04999923706055
2026-06-01,742.739990234375,141395.0,35.34000015258789
2026-06-02,746.1599731445312,141575.0,36.36000061035156
2026-06-03,744.2100219726562,141575.0,35.540000915527344
2026-06-04,740.6099853515625,138730.0,35.470001220703125
2026-06-05,705.0599975585938,131030.0,34.75
