Date,US_SQQQ_Close,KR_INVERSE_Close,VIX_Close,Interest_Rate
2020-01-02,10704.9326171875,6265.0,12.470000267028809,1.8819999694824219
2020-01-03,10991.404296875,6280.0,14.020000457763672,1.7879999876022339
2020-01-06,10780.3203125,6370.0,13.850000381469727,1.8109999895095825
2020-01-07,10785.3466796875,6235.0,13.789999961853027,1.8270000219345093
2020-01-08,10544.1083984375,6325.0,13.449999809265137,1.8739999532699585
2020-01-09,10277.7412109375,6110.0,12.539999961853027,1.8580000400543213
2020-01-10,10363.1796875,6005.0,12.5600004196167,1.8250000476837158
2020-01-13,10001.3232421875,5870.0,12.319999694824219,1.8480000495910645
2020-01-14,10121.9423828125,5825.0,12.390000343322754,1.8179999589920044
2020-01-15,10116.9150390625,5895.0,12.420000076293945,1.7879999876022339
2020-01-16,9830.4453125,5775.0,12.319999694824219,1.809000015258789
2020-01-17,9679.671875,5745.0,12.100000381469727,1.8359999656677246
2020-01-20,9679.671875,5655.0,12.100000381469727,1.8359999656677246
2020-01-21,9699.77734375,5795.0,12.850000381469727,1.7690000534057617
2020-01-22,9624.388671875,5635.0,12.90999984741211,1.7690000534057617
2020-01-23,9533.9248046875,5775.0,12.979999542236328,1.7400000095367432
2020-01-24,9780.1884765625,5775.0,14.5600004196167,1.680999994277954
2020-01-27,10383.28125,5775.0,18.229999542236328,1.6050000190734863
2020-01-28,9905.83203125,6130.0,16.280000686645508,1.6410000324249268
2020-01-29,9865.626953125,6095.0,16.389999389648438,1.593999981880188
2020-01-30,9755.060546875,6330.0,15.489999771118164,1.5579999685287476
2020-01-31,10232.5078125,6480.0,18.84000015258789,1.5199999809265137
2020-02-03,9770.13671875,6465.0,17.969999313354492,1.5199999809265137
2020-02-04,9101.708984375,6230.0,16.049999237060547,1.6030000448226929
2020-02-05,8996.166015625,6180.0,15.149999618530273,1.6490000486373901
2020-02-06,8775.0302734375,5800.0,14.960000038146973,1.6440000534057617
2020-02-07,8885.59765625,5895.0,15.470000267028809,1.5779999494552612
2020-02-10,8563.947265625,5960.0,15.039999961853027,1.5470000505447388
2020-02-11,8563.947265625,5840.0,15.180000305175781,1.590000033378601
2020-02-12,8317.685546875,5745.0,13.739999771118164,1.6299999952316284
2020-02-13,8352.8642578125,5790.0,14.149999618530273,1.6169999837875366
2020-02-14,8287.5283203125,5700.0,13.680000305175781,1.5880000591278076
2020-02-17,8287.5283203125,5695.0,13.680000305175781,1.5880000591278076
2020-02-18,8267.42578125,5900.0,14.829999923706055,1.555999994277954
2020-02-19,8036.2392578125,5875.0,14.380000114440918,1.5700000524520874
2020-02-20,8267.42578125,5930.0,15.5600004196167,1.524999976158142
2020-02-21,8739.8505859375,6125.0,17.079999923706055,1.4709999561309814
2020-02-24,9755.060546875,6575.0,25.030000686645508,1.3769999742507935
2020-02-25,10539.0830078125,6435.0,27.850000381469727,1.3300000429153442
2020-02-26,10388.3115234375,6615.0,27.559999465942383,1.309999942779541
2020-02-27,11941.2763671875,6770.0,39.15999984741211,1.2990000247955322
2020-02-28,11760.349609375,7205.0,40.11000061035156,1.1269999742507935
2020-03-02,10086.76171875,7065.0,33.41999816894531,1.0880000591278076
2020-03-03,11096.9443359375,7015.0,36.81999969482422,1.0099999904632568
2020-03-04,9714.8525390625,6695.0,31.989999771118164,0.9919999837875366
2020-03-05,10574.263671875,6565.0,39.619998931884766,0.9259999990463257
2020-03-06,11101.9716796875,6825.0,41.939998626708984,0.7059999704360962
2020-03-09,13398.7578125,7420.0,54.459999084472656,0.49900001287460327
2020-03-10,11308.02734375,7305.0,47.29999923706055,0.7480000257492065
2020-03-11,12705.19921875,7750.0,53.900001525878906,0.8199999928474426
2020-03-12,16218.2294921875,8340.0,75.47000122070312,0.8489999771118164
2020-03-13,11619.626953125,8700.0,57.83000183105469,0.9509999752044678
2020-03-16,15424.1533203125,9410.0,82.69000244140625,0.7279999852180481
2020-03-17,12604.68359375,9740.0,75.91000366210938,0.996999979019165
2020-03-18,13539.48046875,10915.0,76.44999694824219,1.2660000324249268
2020-03-19,13368.603515625,12365.0,72.0,1.11899995803833
2020-03-20,14735.62109375,10530.0,66.04000091552734,0.9380000233650208
2020-03-23,14816.0302734375,11700.0,61.59000015258789,0.7639999985694885
2020-03-24,11478.90625,9635.0,61.66999816894531,0.8159999847412109
2020-03-25,11672.951171875,8460.0,63.95000076293945,0.8579999804496765
2020-03-26,9813.1416015625,8735.0,61.0,0.8109999895095825
2020-03-27,10760.6875,8325.0,65.54000091552734,0.7490000128746033
2020-03-30,9596.4150390625,8365.0,57.08000183105469,0.6700000166893005
2020-03-31,9808.1025390625,8090.0,53.540000915527344,0.6980000138282776
2020-04-01,11063.095703125,8830.0,57.060001373291016,0.6349999904632568
2020-04-02,10407.8779296875,8325.0,50.90999984741211,0.6269999742507935
2020-04-03,10816.12890625,8330.0,46.79999923706055,0.5870000123977661
2020-04-06,8543.0283203125,7660.0,45.2400016784668,0.6759999990463257
2020-04-07,8517.828125,7380.0,46.70000076293945,0.7360000014305115
2020-04-08,7978.53125,7585.0,43.349998474121094,0.7639999985694885
2020-04-09,7938.21142578125,7365.0,41.66999816894531,0.7289999723434448
2020-04-10,7938.21142578125,7255.0,41.66999816894531,0.7289999723434448
2020-04-13,7671.083984375,7525.0,41.16999816894531,0.7490000128746033
2020-04-14,6668.09814453125,7235.0,37.7599983215332,0.7519999742507935
2020-04-15,6889.86328125,7235.0,40.84000015258789,0.6380000114440918
2020-04-16,6516.89306640625,7220.0,40.11000061035156,0.609000027179718
2020-04-17,6355.60986328125,6770.0,38.150001525878906,0.6539999842643738
2020-04-20,6562.25439453125,6940.0,43.83000183105469,0.6259999871253967
2020-04-21,7282.99462890625,7100.0,45.40999984741211,0.5709999799728394
2020-04-22,6627.77685546875,6965.0,41.97999954223633,0.6190000176429749
2020-04-23,6678.17822265625,6830.0,41.380001068115234,0.6129999756813049
2020-04-24,6350.56982421875,7055.0,35.93000030517578,0.5960000157356262
2020-04-27,6224.5654296875,6750.0,33.290000915527344,0.656000018119812
2020-04-28,6552.17431640625,6680.0,33.56999969482422,0.6100000143051147
2020-04-29,5876.7958984375,6575.0,31.229999542236328,0.6269999742507935
2020-04-30,5836.4755859375,6575.0,34.150001525878906,0.621999979019165
2020-05-01,6360.64990234375,6575.0,37.189998626708984,0.6420000195503235
2020-05-04,6133.84326171875,6970.0,35.970001220703125,0.6370000243186951
2020-05-05,5927.19775390625,6970.0,33.61000061035156,0.6570000052452087
2020-05-06,5816.314453125,6730.0,34.119998931884766,0.7110000252723694
2020-05-07,5589.5078125,6745.0,31.440000534057617,0.6309999823570251
2020-05-08,5362.703125,6620.0,27.979999542236328,0.6819999814033508
2020-05-11,5226.61962890625,6725.0,27.56999969482422,0.7260000109672546
2020-05-12,5539.10791015625,6810.0,33.040000915527344,0.6779999732971191
2020-05-13,5745.7529296875,6675.0,35.279998779296875,0.6489999890327454
2020-05-14,5554.2275390625,6825.0,32.61000061035156,0.6190000176429749
2020-05-15,5443.345703125,6760.0,31.889999389648438,0.6399999856948853
2020-05-18,5140.9375,6665.0,29.299999237060547,0.7440000176429749
2020-05-19,5186.2978515625,6325.0,30.530000686645508,0.7110000252723694
2020-05-20,4868.7705078125,6295.0,27.989999771118164,0.6800000071525574
2020-05-21,5019.97314453125,6255.0,29.530000686645508,0.6769999861717224
2020-05-22,4974.611328125,6460.0,28.15999984741211,0.6570000052452087
2020-05-25,4974.611328125,6280.0,28.15999984741211,0.6570000052452087
2020-05-26,4999.81298828125,6060.0,28.010000228881836,0.6980000138282776
2020-05-27,4929.25048828125,6045.0,27.6200008392334,0.6800000071525574
2020-05-28,4954.4521484375,6015.0,28.59000015258789,0.7049999833106995
2020-05-29,4752.84619140625,6025.0,27.510000228881836,0.6480000019073486
2020-06-01,4687.32470703125,5800.0,28.229999542236328,0.6620000004768372
2020-06-02,4601.64306640625,5670.0,26.84000015258789,0.6800000071525574
2020-06-03,4521.0009765625,5270.0,25.65999984741211,0.7609999775886536
2020-06-04,4626.84375,5245.0,25.809999465942383,0.8199999928474426
2020-06-05,4354.67578125,5060.0,24.520000457763672,0.9039999842643738
2020-06-08,4248.833984375,5075.0,25.809999465942383,0.8840000033378601
2020-06-09,4153.0703125,5085.0,27.56999969482422,0.8289999961853027
2020-06-10,3996.8271484375,5045.0,27.56999969482422,0.7480000257492065
2020-06-11,4596.6015625,5250.0,40.790000915527344,0.652999997138977
2020-06-12,4490.7587890625,5420.0,36.09000015258789,0.6990000009536743
2020-06-15,4324.43505859375,5960.0,34.400001525878906,0.7020000219345093
2020-06-16,4107.708984375,5260.0,33.66999816894531,0.7559999823570251
2020-06-17,4062.347900390625,5275.0,33.470001220703125,0.7329999804496765
2020-06-18,4027.06640625,5315.0,32.939998626708984,0.6940000057220459
2020-06-19,4032.107177734375,5315.0,35.119998931884766,0.6970000267028809
2020-06-22,3890.984375,5330.0,31.770000457763672,0.7039999961853027
2020-06-23,3790.180908203125,5310.0,31.3700008392334,0.7089999914169312
2020-06-24,4011.947509765625,5135.0,33.84000015258789,0.6840000152587891
2020-06-25,3901.0634765625,5405.0,32.220001220703125,0.6740000247955322
2020-06-26,4183.31103515625,5265.0,34.72999954223633,0.6359999775886536
2020-06-29,4057.307373046875,5435.0,31.780000686645508,0.6359999775886536
2020-06-30,3810.342041015625,5335.0,30.43000030517578,0.652999997138977
2020-07-01,3674.2578125,5335.0,28.6200008392334,0.6819999814033508
2020-07-02,3598.656005859375,5210.0,27.68000030517578,0.6690000295639038
2020-07-06,3336.569091796875,4940.0,27.940000534057617,0.6840000152587891
2020-07-07,3402.09033203125,5060.0,29.43000030517578,0.6499999761581421
2020-07-08,3266.007080078125,5090.0,28.079999923706055,0.652999997138977
2020-07-09,3185.365478515625,5040.0,29.260000228881836,0.6050000190734863
2020-07-10,3114.802734375,5145.0,27.290000915527344,0.6330000162124634
2020-07-13,3306.327392578125,4945.0,32.189998626708984,0.6399999856948853
2020-07-14,3235.765869140625,4955.0,29.520000457763672,0.6150000095367432
2020-07-15,3215.60546875,4860.0,27.760000228881836,0.6299999952316284
2020-07-16,3286.167724609375,4965.0,28.0,0.6119999885559082
2020-07-17,3281.127197265625,4890.0,25.68000030517578,0.628000020980835
2020-07-20,2993.83935546875,4915.0,24.459999084472656,0.6200000047683716
2020-07-21,3084.56201171875,4765.0,24.84000015258789,0.6069999933242798
2020-07-22,3049.281494140625,4800.0,24.31999969482422,0.5950000286102295
2020-07-23,3291.207763671875,4855.0,26.079999923706055,0.5820000171661377
2020-07-24,3386.97021484375,4910.0,25.84000015258789,0.5889999866485596
2020-07-27,3200.485595703125,4810.0,24.739999771118164,0.609000027179718
2020-07-28,3321.448486328125,4615.0,25.440000534057617,0.5809999704360962
2020-07-29,3205.525390625,4560.0,24.100000381469727,0.5789999961853027
2020-07-30,3155.1240234375,4555.0,24.760000228881836,0.5410000085830688
2020-07-31,2988.799560546875,4620.0,24.459999084472656,0.5360000133514404
2020-08-03,2872.87646484375,4625.0,24.280000686645508,0.5630000233650208
2020-08-04,2832.555419921875,4520.0,23.760000228881836,0.5149999856948853
2020-08-05,2817.434814453125,4415.0,22.989999771118164,0.5429999828338623
2020-08-06,2701.51220703125,4275.0,22.649999618530273,0.5360000133514404
2020-08-07,2792.234375,4235.0,22.209999084472656,0.5619999766349792
2020-08-10,2832.555419921875,4110.0,22.1299991607666,0.5740000009536743
2020-08-11,2993.83935546875,4000.0,24.030000686645508,0.6579999923706055
2020-08-12,2761.9931640625,3965.0,22.280000686645508,0.6700000166893005
2020-08-13,2746.873046875,3970.0,22.1299991607666,0.7160000205039978
2020-08-14,2761.9931640625,4045.0,22.049999237060547,0.7089999914169312
2020-08-17,2661.19091796875,4045.0,21.350000381469727,0.6830000281333923
2020-08-18,2585.58935546875,4215.0,21.510000228881836,0.6690000295639038
2020-08-19,2636.99853515625,4185.0,22.540000915527344,0.675000011920929
2020-08-20,2526.115234375,4505.0,22.719999313354492,0.6439999938011169
2020-08-21,2473.69775390625,4370.0,22.540000915527344,0.6399999856948853
2020-08-24,2426.321044921875,4280.0,22.3700008392334,0.6460000276565552
2020-08-25,2369.87109375,4165.0,22.030000686645508,0.6819999814033508
2020-08-26,2217.659423828125,4165.0,23.270000457763672,0.6869999766349792
2020-08-27,2239.8359375,4240.0,24.469999313354492,0.7459999918937683
2020-08-28,2202.538818359375,4190.0,22.959999084472656,0.7289999723434448
2020-08-31,2152.136962890625,4325.0,26.40999984741211,0.6930000185966492
2020-09-01,2040.2464599609375,4255.0,26.1200008392334,0.671999990940094
2020-09-02,1981.7808837890625,4210.0,26.56999969482422,0.6510000228881836
2020-09-03,2286.205078125,4085.0,33.599998474121094,0.621999979019165
2020-09-04,2376.927001953125,4200.0,30.75,0.7210000157356262
2020-09-07,2376.927001953125,4165.0,30.75,0.7210000157356262
2020-09-08,2714.61669921875,4050.0,31.459999084472656,0.6840000152587891
2020-09-09,2479.745849609375,4140.0,28.809999465942383,0.703000009059906
2020-09-10,2621.877685546875,4060.0,29.709999084472656,0.6850000023841858
2020-09-11,2677.319091796875,4065.0,26.8700008392334,0.6690000295639038
2020-09-14,2540.227783203125,3960.0,25.850000381469727,0.6710000038146973
2020-09-15,2429.3447265625,3900.0,25.59000015258789,0.6790000200271606
2020-09-16,2548.2919921875,3925.0,26.040000915527344,0.6869999766349792
2020-09-17,2663.20654296875,4040.0,26.459999084472656,0.6840000152587891
2020-09-18,2770.0576171875,4010.0,25.829999923706055,0.6940000057220459
2020-09-21,2732.760498046875,4080.0,27.780000686645508,0.6710000038146973
2020-09-22,2582.564697265625,4275.0,26.860000610351562,0.6639999747276306
2020-09-23,2822.474853515625,4240.0,28.579999923706055,0.6759999990463257
2020-09-24,2779.129638671875,4435.0,28.510000228881836,0.6660000085830688
2020-09-25,2583.572998046875,4390.0,26.3799991607666,0.6589999794960022
2020-09-28,2425.3125,4265.0,26.190000534057617,0.6629999876022339
2020-09-29,2456.5615234375,4200.0,26.270000457763672,0.6449999809265137
2020-09-30,2404.14404296875,4200.0,26.3700008392334,0.6769999861717224
2020-10-01,2291.24462890625,4200.0,26.700000762939453,0.6769999861717224
2020-10-02,2480.754638671875,4200.0,27.6299991607666,0.6959999799728394
2020-10-05,2324.510009765625,4090.0,27.959999084472656,0.7620000243186951
2020-10-06,2449.50537109375,4080.0,29.479999542236328,0.7419999837875366
2020-10-07,2320.477783203125,3995.0,28.059999465942383,0.7850000262260437
2020-10-08,2282.1728515625,3985.0,26.360000610351562,0.7649999856948853
2020-10-09,2179.35400390625,3985.0,25.0,0.7749999761581421
2020-10-12,1977.74853515625,3960.0,25.06999969482422,0.7770000100135803
2020-10-13,1975.7325439453125,3955.0,26.06999969482422,0.7269999980926514
2020-10-14,2025.1259765625,4030.0,26.399999618530273,0.722000002861023
2020-10-15,2068.47119140625,4095.0,26.969999313354492,0.7310000061988831
2020-10-16,2100.72802734375,4135.0,27.40999984741211,0.7440000176429749
2020-10-19,2202.538818359375,4120.0,29.18000030517578,0.7609999775886536
2020-10-20,2186.410400390625,4055.0,29.350000381469727,0.796999990940094
2020-10-21,2193.466064453125,4030.0,28.649999618530273,0.8159999847412109
2020-10-22,2192.45849609375,4090.0,28.110000610351562,0.8479999899864197
2020-10-23,2177.337890625,4060.0,27.549999237060547,0.8410000205039978
2020-10-26,2276.124755859375,4085.0,32.459999084472656,0.8009999990463257
2020-10-27,2223.70703125,4140.0,33.349998474121094,0.777999997138977
2020-10-28,2484.786376953125,4100.0,40.279998779296875,0.781000018119812
2020-10-29,2354.75048828125,4190.0,37.59000015258789,0.8349999785423279
2020-10-30,2523.091064453125,4410.0,38.02000045776367,0.8600000143051147
2020-11-02,2515.02685546875,4290.0,37.130001068115234,0.8489999771118164
2020-11-03,2387.007568359375,4115.0,35.54999923706055,0.8820000290870667
2020-11-04,2064.43896484375,4065.0,29.56999969482422,0.7680000066757202
2020-11-05,1905.1710205078125,3885.0,27.579999923706055,0.7760000228881836
2020-11-06,1898.1143798828125,3860.0,24.860000610351562,0.8199999928474426
2020-11-09,2014.0379638671875,3760.0,25.75,0.9580000042915344
2020-11-10,2120.88818359375,3765.0,24.799999237060547,0.972000002861023
2020-11-11,1979.7647705078125,3635.0,23.450000762939453,0.9580000042915344
2020-11-12,2005.9737548828125,3670.0,25.350000381469727,0.8849999904632568
2020-11-13,1954.564208984375,3595.0,23.100000381469727,0.8930000066757202
2020-11-16,1910.21044921875,3430.0,22.450000762939453,0.906000018119812
2020-11-17,1925.3311767578125,3445.0,22.709999084472656,0.871999979019165
2020-11-18,1970.6923828125,3450.0,23.84000015258789,0.8820000290870667
2020-11-19,1922.307373046875,3445.0,23.110000610351562,0.8539999723434448
2020-11-20,1962.6280517578125,3435.0,23.700000762939453,0.8289999961853027
2020-11-23,1961.6201171875,3275.0,22.65999984741211,0.8569999933242798
2020-11-24,1879.97021484375,3240.0,21.639999389648438,0.8820000290870667
2020-11-25,1843.6812744140625,3280.0,21.25,0.878000020980835
2020-11-26,1843.6812744140625,3210.0,21.25,0.878000020980835
2020-11-27,1794.2877197265625,3195.0,20.84000015258789,0.8420000076293945
2020-11-30,1784.2076416015625,3290.0,20.56999969482422,0.843999981880188
2020-12-01,1712.6376953125,3195.0,20.770000457763672,0.9340000152587891
2020-12-02,1705.58154296875,3080.0,21.170000076293945,0.9480000138282776
2020-12-03,1698.525146484375,3040.0,21.280000686645508,0.9200000166893005
2020-12-04,1677.3568115234375,2930.0,20.790000915527344,0.968999981880188
2020-12-07,1649.1318359375,2900.0,21.299999237060547,0.9279999732971191
2020-12-08,1633.0035400390625,2995.0,20.68000030517578,0.9129999876022339
2020-12-09,1742.878173828125,2870.0,22.270000457763672,0.9409999847412109
2020-12-10,1723.7259521484375,2895.0,22.520000457763672,0.9079999923706055
2020-12-11,1733.80615234375,2850.0,23.309999465942383,0.8930000066757202
2020-12-14,1695.5009765625,2870.0,24.719999313354492,0.8920000195503235
2020-12-15,1643.0838623046875,2875.0,22.889999389648438,0.9229999780654907
2020-12-16,1615.8670654296875,2855.0,22.5,0.9200000166893005
2020-12-17,1582.6021728515625,2855.0,21.93000030517578,0.9300000071525574
2020-12-18,1597.7225341796875,2860.0,21.56999969482422,0.9480000138282776
2020-12-21,1607.802734375,2860.0,25.15999984741211,0.9409999847412109
2020-12-22,1593.6904296875,2955.0,24.229999542236328,0.9179999828338623
2020-12-23,1616.8751220703125,2870.0,23.309999465942383,0.9549999833106995
2020-12-24,1595.70654296875,2750.0,21.530000686645508,0.9279999732971191
2020-12-28,1547.3214111328125,2730.0,21.700000762939453,0.9330000281333923
2020-12-29,1543.2889404296875,2640.0,23.079999923706055,0.9350000023841858
2020-12-30,1543.2889404296875,2510.0,22.770000457763672,0.9259999990463257
2020-12-31,1530.1845703125,2510.0,22.75,0.9169999957084656
2021-01-04,1596.714599609375,2380.0,26.969999313354492,0.9169999957084656
2021-01-05,1557.4013671875,2315.0,25.34000015258789,0.9549999833106995
2021-01-06,1621.9151611328125,2360.0,25.06999969482422,1.0420000553131104
2021-01-07,1500.951904296875,2245.0,22.3700008392334,1.0709999799728394
2021-01-08,1445.510498046875,2040.0,21.559999465942383,1.1050000190734863
2021-01-11,1508.0081787109375,2035.0,24.079999923706055,1.1319999694824219
2021-01-12,1514.0562744140625,2065.0,23.329999923706055,1.1380000114440918
2021-01-13,1485.8314208984375,2040.0,22.209999084472656,1.0880000591278076
2021-01-14,1508.0081787109375,2045.0,23.25,1.128999948501587
2021-01-15,1544.2969970703125,2135.0,24.34000015258789,1.097000002861023
2021-01-18,1544.2969970703125,2240.0,24.34000015258789,1.097000002861023
2021-01-19,1475.751220703125,2115.0,23.239999771118164,1.0920000076293945
2021-01-20,1373.9407958984375,2090.0,21.579999923706055,1.090000033378601
2021-01-21,1338.6595458984375,2030.0,21.31999969482422,1.1089999675750732
2021-01-22,1350.756103515625,2055.0,21.90999984741211,1.090999960899353
2021-01-25,1313.4591064453125,1960.0,23.190000534057617,1.0399999618530273
2021-01-26,1311.44287109375,2070.0,23.020000457763672,1.0399999618530273
2021-01-27,1418.2935791015625,2085.0,37.209999084472656,1.0140000581741333
2021-01-28,1396.1171875,2165.0,30.209999084472656,1.0570000410079956
2021-01-29,1482.807373046875,2275.0,33.09000015258789,1.093000054359436
2021-02-01,1371.9246826171875,2155.0,30.239999771118164,1.0770000219345093
2021-02-02,1307.4107666015625,2090.0,25.559999465942383,1.1050000190734863
2021-02-03,1320.51513671875,2055.0,22.90999984741211,1.13100004196167
2021-02-04,1274.14599609375,2125.0,21.770000457763672,1.1390000581741333
2021-02-05,1261.041748046875,2070.0,20.8700008392334,1.1699999570846558
2021-02-08,1235.8409423828125,2110.0,21.239999771118164,1.159999966621399
2021-02-09,1236.848876953125,2125.0,21.6299991607666,1.156999945640564
2021-02-10,1244.9130859375,2095.0,21.989999771118164,1.1330000162124634
2021-02-11,1224.752685546875,2095.0,21.25,1.1579999923706055
2021-02-12,1205.5999755859375,2095.0,19.969999313354492,1.2000000476837158
2021-02-15,1205.5999755859375,2030.0,19.969999313354492,1.2000000476837158
2021-02-16,1213.6641845703125,2015.0,21.459999084472656,1.2990000247955322
2021-02-17,1231.80859375,2060.0,21.5,1.3009999990463257
2021-02-18,1247.9371337890625,2125.0,22.489999771118164,1.2869999408721924
2021-02-19,1264.065673828125,2080.0,22.049999237060547,1.3450000286102295
2021-02-22,1362.852294921875,2130.0,23.450000762939453,1.3700000047683716
2021-02-23,1373.9407958984375,2130.0,23.110000610351562,1.3619999885559082
2021-02-24,1339.6676025390625,2230.0,21.34000015258789,1.3890000581741333
2021-02-25,1481.7994384765625,2060.0,28.889999389648438,1.5180000066757202
2021-02-26,1459.623046875,2175.0,27.950000762939453,1.4600000381469727
2021-03-01,1329.5875244140625,2175.0,23.350000381469727,1.4459999799728394
2021-03-02,1393.0933837890625,2130.0,24.100000381469727,1.4149999618530273
2021-03-03,1514.0562744140625,2080.0,26.670000076293945,1.4700000286102295
2021-03-04,1588.650390625,2130.0,28.56999969482422,1.5499999523162842
2021-03-05,1516.072509765625,2150.0,24.65999984741211,1.5540000200271606
2021-03-08,1645.099853515625,2185.0,25.469999313354492,1.5959999561309814
2021-03-09,1450.5506591796875,2215.0,24.030000686645508,1.5460000038146973
2021-03-10,1461.6390380859375,2245.0,22.559999465942383,1.5199999809265137
2021-03-11,1359.828369140625,2145.0,21.90999984741211,1.5269999504089355
2021-03-12,1393.0933837890625,2105.0,20.690000534057617,1.6349999904632568
2021-03-15,1348.7398681640625,2135.0,20.030000686645508,1.6069999933242798
2021-03-16,1326.5633544921875,2090.0,19.790000915527344,1.621000051498413
2021-03-17,1310.4349365234375,2130.0,19.229999542236328,1.6410000324249268
2021-03-18,1430.389892578125,2095.0,21.579999923706055,1.7300000190734863
2021-03-19,1412.24560546875,2140.0,20.950000762939453,1.7319999933242798
2021-03-22,1335.6353759765625,2130.0,18.8799991607666,1.684000015258789
2021-03-23,1353.7799072265625,2175.0,20.299999237060547,1.6380000114440918
2021-03-24,1421.3177490234375,2195.0,21.200000762939453,1.6139999628067017
2021-03-25,1428.3741455078125,2175.0,19.809999465942383,1.6139999628067017
2021-03-26,1363.8603515625,2130.0,18.860000610351562,1.659999966621399
2021-03-29,1365.8763427734375,2140.0,20.739999771118164,1.7209999561309814
2021-03-30,1386.0369873046875,2090.0,19.610000610351562,1.7259999513626099
2021-03-31,1322.5313720703125,2105.0,19.399999618530273,1.746000051498413
2021-04-01,1253.9853515625,2065.0,17.329999923706055,1.6790000200271606
2021-04-02,1253.9853515625,2015.0,17.329999923706055,1.6790000200271606
2021-04-05,1180.3992919921875,2005.0,17.90999984741211,1.7200000286102295
2021-04-06,1183.423583984375,2005.0,18.1200008392334,1.656000018119812
2021-04-07,1173.3431396484375,1995.0,17.15999984741211,1.652999997138977
2021-04-08,1136.046142578125,2000.0,16.950000762939453,1.6319999694824219
2021-04-09,1115.8856201171875,2020.0,16.690000534057617,1.6660000085830688
2021-04-12,1120.9259033203125,2020.0,16.90999984741211,1.6749999523162842
2021-04-13,1080.6048583984375,1970.0,16.649999618530273,1.6230000257492065
2021-04-14,1119.91796875,1945.0,16.989999771118164,1.6380000114440918
2021-04-15,1067.50048828125,1935.0,16.56999969482422,1.5299999713897705
2021-04-16,1064.4761962890625,1945.0,16.25,1.5729999542236328
2021-04-19,1094.71728515625,1940.0,17.290000915527344,1.6009999513626099
2021-04-20,1117.90185546875,1920.0,18.68000030517578,1.562000036239624
2021-04-21,1088.6689453125,1990.0,17.5,1.5640000104904175
2021-04-22,1127.9820556640625,1980.0,18.709999084472656,1.5540000200271606
2021-04-23,1085.64501953125,1980.0,17.329999923706055,1.5670000314712524
2021-04-26,1063.468505859375,1945.0,17.639999389648438,1.5700000524520874
2021-04-27,1077.58056640625,1940.0,17.559999465942383,1.621999979019165
2021-04-28,1089.677001953125,1980.0,17.280000686645508,1.6200000047683716
2021-04-29,1076.5726318359375,1990.0,17.610000610351562,1.6399999856948853
2021-04-30,1097.741455078125,2025.0,18.610000610351562,1.63100004196167
2021-05-03,1114.8778076171875,2045.0,18.309999465942383,1.6069999933242798
2021-05-04,1175.359375,2015.0,19.479999542236328,1.5920000076293945
2021-05-05,1187.4554443359375,2015.0,19.149999618530273,1.5839999914169312
2021-05-06,1161.2470703125,1990.0,18.389999389648438,1.5609999895095825
2021-05-07,1132.0142822265625,1960.0,16.690000534057617,1.5770000219345093
2021-05-10,1217.696533203125,1895.0,19.65999984741211,1.6019999980926514
2021-05-11,1221.7283935546875,1965.0,21.84000015258789,1.6239999532699585
2021-05-12,1316.4830322265625,2025.0,27.59000015258789,1.6950000524520874
2021-05-13,1287.2503662109375,2075.0,23.1299991607666,1.6679999828338623
2021-05-14,1202.5760498046875,2030.0,18.809999465942383,1.6349999904632568
2021-05-17,1223.7447509765625,2050.0,19.719999313354492,1.6399999856948853
2021-05-18,1247.9371337890625,2005.0,21.34000015258789,1.6419999599456787
2021-05-19,1243.9049072265625,2005.0,22.18000030517578,1.6829999685287476
2021-05-20,1171.3272705078125,2015.0,20.670000076293945,1.6339999437332153
2021-05-21,1190.4796142578125,2015.0,20.149999618530273,1.6319999694824219
2021-05-24,1129.998046875,2030.0,18.399999618530273,1.6080000400543213
2021-05-25,1124.9580078125,1990.0,18.84000015258789,1.5640000104904175
2021-05-26,1113.86962890625,1995.0,17.360000610351562,1.5740000009536743
2021-05-27,1126.9739990234375,2000.0,16.739999771118164,1.6100000143051147
2021-05-28,1115.8856201171875,1975.0,16.760000228881836,1.5809999704360962
2021-05-31,1115.8856201171875,1965.0,16.760000228881836,1.5809999704360962
2021-06-01,1126.9739990234375,1935.0,17.899999618530273,1.6150000095367432
2021-06-02,1120.9259033203125,1940.0,17.479999542236328,1.590999960899353
2021-06-03,1156.2066650390625,1900.0,18.040000915527344,1.625
2021-06-04,1095.7252197265625,1915.0,16.420000076293945,1.559999942779541
2021-06-07,1086.65283203125,1905.0,16.420000076293945,1.569000005722046
2021-06-08,1085.64501953125,1910.0,17.06999969482422,1.527999997138977
2021-06-09,1083.62890625,1950.0,17.889999389648438,1.4889999628067017
2021-06-10,1049.35595703125,1935.0,16.100000381469727,1.4589999914169312
2021-06-11,1041.2918701171875,1910.0,15.649999618530273,1.4620000123977661
2021-06-14,1012.0588989257812,1910.0,16.389999389648438,1.5010000467300415
2021-06-15,1031.21142578125,1900.0,17.020000457763672,1.4989999532699585
2021-06-16,1043.3079833984375,1875.0,18.149999618530273,1.569000005722046
2021-06-17,1002.9868774414062,1900.0,17.75,1.5110000371932983
2021-06-18,1026.1712646484375,1885.0,20.700000762939453,1.4500000476837158
2021-06-21,1008.0267944335938,1925.0,17.889999389648438,1.4839999675750732
2021-06-22,979.8021850585938,1900.0,16.65999984741211,1.472000002861023
2021-06-23,977.7859497070312,1880.0,16.31999969482422,1.4869999885559082
2021-06-24,959.6416015625,1860.0,15.970000267028809,1.4869999885559082
2021-06-25,961.65771484375,1845.0,15.619999885559082,1.5360000133514404
2021-06-28,927.3848266601562,1845.0,15.760000228881836,1.4780000448226929
2021-06-29,917.3042602539062,1865.0,16.020000457763672,1.4800000190734863
2021-06-30,921.3365478515625,1850.0,15.829999923706055,1.4429999589920044
2021-07-01,921.3365478515625,1875.0,15.479999542236328,1.4800000190734863
2021-07-02,889.0796508789062,1880.0,15.069999694824219,1.430999994277954
2021-07-05,889.0796508789062,1860.0,15.069999694824219,1.430999994277954
2021-07-06,878.9993286132812,1845.0,16.440000534057617,1.3700000047683716
2021-07-07,871.9431762695312,1865.0,16.200000762939453,1.3209999799728394
2021-07-08,888.0717163085938,1910.0,19.0,1.2879999876022339
2021-07-09,870.9352416992188,1950.0,16.18000030517578,1.3559999465942383
2021-07-12,861.8629760742188,1910.0,16.170000076293945,1.3630000352859497
2021-07-13,861.8629760742188,1885.0,17.1200008392334,1.4149999618530273
2021-07-14,856.8228149414062,1895.0,16.329999923706055,1.3559999465942383
2021-07-15,873.9591674804688,1870.0,17.010000228881836,1.2970000505447388
2021-07-16,895.1277465820312,1885.0,18.450000762939453,1.2999999523162842
2021-07-19,917.3042602539062,1930.0,22.5,1.180999994277954
2021-07-20,886.0556030273438,1935.0,19.729999542236328,1.2089999914169312
2021-07-21,864.886962890625,1965.0,17.90999984741211,1.2799999713897705
2021-07-22,846.7425537109375,1910.0,17.690000534057617,1.2649999856948853
2021-07-23,818.517822265625,1900.0,17.200000762939453,1.2860000133514404
2021-07-26,816.5017700195312,1945.0,17.579999923706055,1.2760000228881836
2021-07-27,842.71044921875,1940.0,19.360000610351562,1.2339999675750732
2021-07-28,832.6301879882812,1930.0,18.309999465942383,1.2610000371932983
2021-07-29,827.5899658203125,1920.0,17.700000762939453,1.2690000534057617
2021-07-30,840.6943359375,1975.0,18.239999771118164,1.2389999628067017
2021-08-02,840.6943359375,1945.0,19.459999084472656,1.1740000247955322
2021-08-03,825.573974609375,1915.0,18.040000915527344,1.1759999990463257
2021-08-04,821.5419311523438,1865.0,17.969999313354492,1.184000015258789
2021-08-05,806.4214477539062,1865.0,17.280000686645508,1.2170000076293945
2021-08-06,816.5017700195312,1885.0,16.149999618530273,1.2899999618530273
2021-08-09,813.4776611328125,1900.0,16.719999313354492,1.3170000314712524
2021-08-10,825.573974609375,1930.0,16.790000915527344,1.3420000076293945
2021-08-11,828.5979614257812,1960.0,16.170000076293945,1.3289999961853027
2021-08-12,819.5258178710938,1975.0,15.59000015258789,1.3669999837875366
2021-08-13,811.4615478515625,2045.0,15.449999809265137,1.2970000505447388
2021-08-16,810.4536743164062,2045.0,16.1200008392334,1.2569999694824219
2021-08-17,832.6301879882812,2095.0,17.90999984741211,1.2580000162124634
2021-08-18,856.8228149414062,2065.0,21.56999969482422,1.2730000019073486
2021-08-19,842.71044921875,2155.0,21.670000076293945,1.2419999837875366
2021-08-20,816.5017700195312,2195.0,18.559999465942383,1.2599999904632568
2021-08-23,780.212890625,2150.0,17.149999618530273,1.2549999952316284
2021-08-24,773.1565551757812,2070.0,17.219999313354492,1.2899999618530273
2021-08-25,772.1484985351562,2060.0,16.790000915527344,1.3420000076293945
2021-08-26,785.2528686523438,2090.0,18.84000015258789,1.3420000076293945
2021-08-27,763.0763549804688,2090.0,16.389999389648438,1.312000036239624
2021-08-30,735.859619140625,2080.0,16.190000534057617,1.284999966621399
2021-08-31,737.8756103515625,2000.0,16.479999542236328,1.3040000200271606
2021-09-01,734.8517456054688,1995.0,16.110000610351562,1.3020000457763672
2021-09-02,736.8677368164062,2025.0,16.40999984741211,1.2940000295639038
2021-09-03,728.8033447265625,2000.0,16.40999984741211,1.3220000267028809
2021-09-06,728.8033447265625,1990.0,16.40999984741211,1.3220000267028809
2021-09-07,724.7713012695312,2010.0,18.139999389648438,1.3700000047683716
2021-09-08,733.843505859375,2050.0,17.959999084472656,1.3339999914169312
2021-09-09,740.8997192382812,2110.0,18.799999237060547,1.2990000247955322
2021-09-10,759.0442504882812,2095.0,20.950000762939453,1.340999960899353
2021-09-13,760.0521850585938,2090.0,19.3700008392334,1.3240000009536743
2021-09-14,766.1004028320312,2060.0,19.459999084472656,1.2769999504089355
2021-09-15,747.9559326171875,2055.0,18.18000030517578,1.3040000200271606
2021-09-16,747.9559326171875,2090.0,18.690000534057617,1.3309999704360962
2021-09-17,774.1646118164062,2080.0,20.809999465942383,1.3700000047683716
2021-09-20,821.5419311523438,2080.0,25.709999084472656,1.309000015258789
2021-09-21,819.5258178710938,2080.0,24.360000610351562,1.3240000009536743
2021-09-22,795.333251953125,2080.0,20.8700008392334,1.3359999656677246
2021-09-23,773.1565551757812,2085.0,18.6299991607666,1.409999966621399
2021-09-24,770.1325073242188,2095.0,17.75,1.4600000381469727
2021-09-27,789.2850341796875,2075.0,18.760000228881836,1.4839999675750732
2021-09-28,855.8148193359375,2135.0,23.25,1.534000039100647
2021-09-29,860.8549194335938,2190.0,22.559999465942383,1.5410000085830688
2021-09-30,869.9271240234375,2175.0,23.139999389648438,1.5290000438690186
2021-10-01,853.7987060546875,2255.0,21.100000381469727,1.4789999723434448
2021-10-04,907.2243041992188,2255.0,22.959999084472656,1.4809999465942383
2021-10-05,869.9271240234375,2325.0,21.299999237060547,1.5290000438690186
2021-10-06,853.7987060546875,2395.0,21.0,1.5240000486373901
2021-10-07,829.6061401367188,2315.0,19.540000915527344,1.5709999799728394
2021-10-08,843.7184448242188,2325.0,18.770000457763672,1.6050000190734863
2021-10-11,861.8629760742188,2325.0,20.0,1.6139999628067017
2021-10-12,869.9271240234375,2410.0,19.850000381469727,1.5800000429153442
2021-10-13,849.7666015625,2355.0,18.639999389648438,1.5490000247955322
2021-10-14,802.3893432617188,2295.0,16.860000610351562,1.5190000534057617
2021-10-15,787.2688598632812,2245.0,16.299999237060547,1.5759999752044678
2021-10-18,763.0763549804688,2265.0,16.309999465942383,1.5839999914169312
2021-10-19,747.9559326171875,2220.0,15.699999809265137,1.6349999904632568
2021-10-20,748.9639282226562,2245.0,15.489999771118164,1.6360000371932983
2021-10-21,735.859619140625,2250.0,15.010000228881836,1.6759999990463257
2021-10-22,754.0040893554688,2245.0,15.430000305175781,1.6549999713897705
2021-10-25,730.8195190429688,2225.0,15.239999771118164,1.6349999904632568
2021-10-26,724.7713012695312,2180.0,15.979999542236328,1.61899995803833
2021-10-27,718.72314453125,2220.0,16.979999542236328,1.5290000438690186
2021-10-28,695.5385131835938,2230.0,16.530000686645508,1.5679999589920044
2021-10-29,684.4502563476562,2300.0,16.260000228881836,1.5570000410079956
2021-11-01,678.402099609375,2285.0,16.40999984741211,1.5750000476837158
2021-11-02,668.3218383789062,2220.0,16.030000686645508,1.5490000247955322
2021-11-03,647.1532592773438,2290.0,15.100000381469727,1.5789999961853027
2021-11-04,623.9685668945312,2260.0,15.4399995803833,1.5240000486373901
2021-11-05,621.9524536132812,2280.0,16.479999542236328,1.4529999494552612
2021-11-08,623.9685668945312,2280.0,17.219999313354492,1.496999979019165
2021-11-09,636.06494140625,2275.0,17.780000686645508,1.4320000410079956
2021-11-10,665.2977294921875,2320.0,18.729999542236328,1.559999942779541
2021-11-11,658.2415161132812,2320.0,17.65999984741211,1.559999942779541
2021-11-12,637.072998046875,2270.0,16.290000915527344,1.5820000171661377
2021-11-15,638.0809936523438,2215.0,16.489999771118164,1.6230000257492065
2021-11-16,623.9685668945312,2225.0,16.3700008392334,1.6339999437332153
2021-11-17,623.9685668945312,2280.0,17.110000610351562,1.6039999723434448
2021-11-18,603.8080444335938,2295.0,17.59000015258789,1.5889999866485596
2021-11-19,593.7277221679688,2265.0,17.90999984741211,1.5360000133514404
2021-11-22,615.904296875,2160.0,19.170000076293945,1.625
2021-11-23,623.9685668945312,2200.0,19.3799991607666,1.6670000553131104
2021-11-24,616.9124755859375,2205.0,18.579999923706055,1.6449999809265137
2021-11-25,616.9124755859375,2240.0,18.579999923706055,1.6449999809265137
2021-11-26,651.1854248046875,2330.0,28.6200008392334,1.4819999933242798
2021-11-29,609.8562622070312,2365.0,22.959999084472656,1.5299999713897705
2021-11-30,636.06494140625,2465.0,27.190000534057617,1.4429999589920044
2021-12-01,670.337890625,2340.0,31.1200008392334,1.434000015258789
2021-12-02,654.20947265625,2270.0,27.950000762939453,1.4479999542236328
2021-12-03,687.4743041992188,2235.0,30.670000076293945,1.343000054359436
2021-12-06,671.3458251953125,2225.0,27.18000030517578,1.434000015258789
2021-12-07,609.8562622070312,2190.0,21.889999389648438,1.4800000190734863
2021-12-08,602.7999877929688,2175.0,19.899999618530273,1.5089999437332153
2021-12-09,628.0006713867188,2155.0,21.579999923706055,1.4869999885559082
2021-12-10,607.8402099609375,2175.0,18.690000534057617,1.4889999628067017
2021-12-13,635.0569458007812,2170.0,20.309999465942383,1.4240000247955322
2021-12-14,654.20947265625,2200.0,21.889999389648438,1.437999963760376
2021-12-15,610.8641967773438,2200.0,19.290000915527344,1.4630000591278076
2021-12-16,655.2174682617188,2175.0,20.56999969482422,1.4220000505447388
2021-12-17,665.2977294921875,2165.0,21.56999969482422,1.4019999504089355
2021-12-20,685.4581909179688,2250.0,22.8700008392334,1.4190000295639038
2021-12-21,639.0889892578125,2210.0,21.010000228881836,1.4869999885559082
2021-12-22,616.9124755859375,2190.0,18.6299991607666,1.4570000171661377
2021-12-23,602.7999877929688,2165.0,17.959999084472656,1.4930000305175781
2021-12-24,602.7999877929688,2130.0,17.959999084472656,1.4930000305175781
2021-12-27,573.5673217773438,2155.0,17.68000030517578,1.4809999465942383
2021-12-28,579.615478515625,2130.0,17.540000915527344,1.4809999465942383
2021-12-29,580.62353515625,2130.0,16.950000762939453,1.5429999828338623
2021-12-30,585.6636352539062,2160.0,17.329999923706055,1.5149999856948853
2021-12-31,598.76806640625,2160.0,17.219999313354492,1.5119999647140503
2022-01-03,578.607421875,2160.0,16.600000381469727,1.628000020980835
2022-01-04,601.7920532226562,2155.0,16.90999984741211,1.6679999828338623
2022-01-05,658.2415161132812,2215.0,19.729999542236328,1.7050000429153442
2022-01-06,659.2496337890625,2260.0,19.610000610351562,1.7330000400543213
2022-01-07,679.41015625,2195.0,18.760000228881836,1.7710000276565552
2022-01-10,676.3860473632812,2240.0,19.399999618530273,1.7799999713897705
2022-01-11,648.1611938476562,2225.0,18.40999984741211,1.746000051498413
2022-01-12,639.0889892578125,2145.0,17.6200008392334,1.725000023841858
2022-01-13,686.6678466796875,2170.0,20.309999465942383,1.7109999656677246
2022-01-14,675.3780517578125,2235.0,19.190000534057617,1.7719999551773071
2022-01-17,675.3780517578125,2265.0,19.190000534057617,1.7719999551773071
2022-01-18,723.7632446289062,2305.0,22.790000915527344,1.8650000095367432
2022-01-19,748.9639282226562,2335.0,23.850000381469727,1.8270000219345093
2022-01-20,778.3983154296875,2310.0,25.59000015258789,1.8329999446868896
2022-01-21,842.5087280273438,2365.0,28.850000381469727,1.746999979019165
2022-01-24,832.0253295898438,2415.0,29.899999618530273,1.7350000143051147
2022-01-25,888.6764526367188,2540.0,31.15999984741211,1.7829999923706055
2022-01-26,890.0878295898438,2555.0,31.959999084472656,1.8480000495910645
2022-01-27,919.3203735351562,2730.0,30.489999771118164,1.8070000410079956
2022-01-28,833.033447265625,2580.0,27.65999984741211,1.781999945640564
2022-01-31,753.6007690429688,2580.0,24.829999923706055,1.781999945640564
2022-02-01,737.4723510742188,2580.0,21.959999084472656,1.7999999523162842
2022-02-02,719.9328002929688,2580.0,22.09000015258789,1.7660000324249268
2022-02-03,805.6150512695312,2530.0,24.350000381469727,1.8270000219345093
2022-02-04,777.188720703125,2470.0,23.219999313354492,1.9299999475479126
2022-02-07,793.5187377929688,2515.0,22.860000610351562,1.9160000085830688
2022-02-08,767.7132568359375,2505.0,21.440000534057617,1.9539999961853027
2022-02-09,718.9248046875,2435.0,19.959999084472656,1.9290000200271606
2022-02-10,766.705322265625,2395.0,23.90999984741211,2.0309998989105225
2022-02-11,839.08154296875,2440.0,27.360000610351562,1.9550000429153442
2022-02-14,837.0654907226562,2440.0,28.329999923706055,1.996000051498413
2022-02-15,775.1727905273438,2540.0,25.700000762939453,2.0450000762939453
2022-02-16,775.77734375,2445.0,24.290000915527344,2.046999931335449
2022-02-17,844.5247802734375,2415.0,28.110000610351562,1.972000002861023
2022-02-18,872.74951171875,2425.0,27.75,1.9320000410079956
2022-02-21,872.74951171875,2430.0,27.75,1.9320000410079956
2022-02-22,899.1597900390625,2500.0,28.809999465942383,1.9479999542236328
2022-02-23,967.9074096679688,2480.0,31.020000457763672,1.9769999980926514
2022-02-24,873.3544311523438,2620.0,30.31999969482422,1.968999981880188
2022-02-25,830.0092163085938,2555.0,27.59000015258789,1.9859999418258667
2022-02-28,821.138671875,2520.0,30.149999618530273,1.8389999866485596
2022-03-01,859.846923828125,2520.0,33.31999969482422,1.7070000171661377
2022-03-02,818.1146240234375,2530.0,30.739999771118164,1.8650000095367432
2022-03-03,852.1859130859375,2440.0,30.479999542236328,1.843999981880188
2022-03-04,889.2813110351562,2515.0,31.979999542236328,1.7239999771118164
2022-03-07,988.0679321289062,2640.0,36.45000076293945,1.7510000467300415
2022-03-08,1001.3740844726562,2695.0,35.130001068115234,1.871999979019165
2022-03-09,894.3214111328125,2695.0,32.45000076293945,1.9479999542236328
2022-03-10,922.747802734375,2580.0,30.229999542236328,2.010999917984009
2022-03-11,978.5924682617188,2595.0,30.75,2.003999948501587
2022-03-14,1036.050048828125,2605.0,31.770000457763672,2.140000104904175
2022-03-15,940.287353515625,2660.0,29.829999923706055,2.1600000858306885
2022-03-16,834.242919921875,2575.0,26.670000076293945,2.187999963760376
2022-03-17,804.8086547851562,2500.0,25.670000076293945,2.191999912261963
2022-03-18,755.8185424804688,2485.0,23.8700008392334,2.1480000019073486
2022-03-21,760.8585815429688,2535.0,23.530000686645508,2.315000057220459
2022-03-22,716.303955078125,2490.0,22.940000534057617,2.372999906539917
2022-03-23,746.5446166992188,2450.0,23.56999969482422,2.321000099182129
2022-03-24,697.3529052734375,2470.0,21.670000076293945,2.3410000801086426
2022-03-25,698.5626831054688,2485.0,20.809999465942383,2.492000102996826
2022-03-28,666.5072631835938,2485.0,19.6299991607666,2.4769999980926514
2022-03-29,632.43603515625,2465.0,18.899999618530273,2.4000000953674316
2022-03-30,651.5885009765625,2445.0,19.329999923706055,2.3580000400543213
2022-03-31,678.8052978515625,2425.0,20.559999465942383,2.3269999027252197
2022-04-01,681.0228881835938,2465.0,19.6299991607666,2.377000093460083
2022-04-04,639.2905883789062,2440.0,18.56999969482422,2.4119999408721924
2022-04-05,680.8212890625,2445.0,21.030000686645508,2.555999994277954
2022-04-06,725.3761596679688,2500.0,22.100000381469727,2.6089999675750732
2022-04-07,720.53759765625,2565.0,21.549999237060547,2.6519999504089355
2022-04-08,749.9719848632812,2560.0,21.15999984741211,2.7130000591278076
2022-04-11,803.1956787109375,2565.0,24.3700008392334,2.7799999713897705
2022-04-12,814.2840576171875,2615.0,24.260000228881836,2.7249999046325684
2022-04-13,765.2940063476562,2515.0,21.81999969482422,2.687000036239624
2022-04-14,817.3081665039062,2540.0,22.700000762939453,2.828000068664551
2022-04-15,817.3081665039062,2600.0,22.700000762939453,2.828000068664551
2022-04-18,814.08251953125,2600.0,22.170000076293945,2.861999988555908
2022-04-19,761.4635009765625,2540.0,21.3700008392334,2.9130001068115234
2022-04-20,795.1315307617188,2545.0,20.31999969482422,2.8399999141693115
2022-04-21,842.71044921875,2515.0,22.68000030517578,2.9170000553131104
2022-04-22,910.0465698242188,2575.0,28.209999084472656,2.9059998989105225
2022-04-25,874.5640869140625,2665.0,27.020000457763672,2.8259999752044678
2022-04-26,971.738037109375,2640.0,33.52000045776367,2.7720000743865967
2022-04-27,976.9798583984375,2700.0,31.600000381469727,2.818000078201294
2022-04-28,873.9591674804688,2650.0,29.989999771118164,2.86299991607666
2022-04-29,988.47119140625,2570.0,33.400001525878906,2.88700008392334
2022-05-02,940.287353515625,2570.0,32.34000015258789,2.996000051498413
2022-05-03,938.0697021484375,2600.0,29.25,2.9600000381469727
2022-05-04,842.5087280273438,2590.0,25.420000076293945,2.9170000553131104
2022-05-05,966.6978149414062,2590.0,31.200000762939453,3.065999984741211
2022-05-06,1004.1963500976562,2660.0,30.190000534057617,3.122999906539917
2022-05-09,1121.1273193359375,2660.0,34.75,3.0789999961853027
2022-05-10,1081.6129150390625,2740.0,32.9900016784668,2.993000030517578
2022-05-11,1177.980224609375,2745.0,32.560001373291016,2.9210000038146973
2022-05-12,1184.6329345703125,2830.0,31.770000457763672,2.816999912261963
2022-05-13,1057.218505859375,2695.0,28.8700008392334,2.934999942779541
2022-05-16,1089.677001953125,2720.0,27.469999313354492,2.877000093460083
2022-05-17,1007.0189819335938,2665.0,26.100000381469727,2.9679999351501465
2022-05-18,1153.3841552734375,2655.0,30.959999084472656,2.885999917984009
2022-05-19,1174.552978515625,2735.0,29.350000381469727,2.8550000190734863
2022-05-20,1184.0283203125,2630.0,29.43000030517578,2.7869999408721924
2022-05-23,1125.1595458984375,2615.0,28.479999542236328,2.8589999675750732
2022-05-24,1196.326171875,2710.0,29.450000762939453,2.759999990463257
2022-05-25,1147.1346435546875,2690.0,28.3700008392334,2.749000072479248
2022-05-26,1051.5736083984375,2710.0,27.5,2.75600004196167
2022-05-27,947.746826171875,2650.0,25.719999313354492,2.743000030517578
2022-05-30,947.746826171875,2580.0,25.719999313354492,2.743000030517578
2022-05-31,953.794921875,2565.0,26.190000534057617,2.8440001010894775
2022-06-01,977.7859497070312,2565.0,25.690000534057617,2.930999994277954
2022-06-02,897.1438598632812,2620.0,24.719999313354492,2.9130001068115234
2022-06-03,966.8992919921875,2585.0,24.790000915527344,2.9570000171661377
2022-06-06,956.6174926757812,2585.0,25.06999969482422,3.0380001068115234
2022-06-07,932.4249267578125,2685.0,24.020000457763672,2.9719998836517334
2022-06-08,951.5772705078125,2670.0,23.959999084472656,3.0290000438690186
2022-06-09,1028.7921142578125,2680.0,26.09000015258789,3.0439999103546143
2022-06-10,1139.473388671875,2745.0,27.75,3.1559998989105225
2022-06-13,1294.508056640625,2940.0,34.02000045776367,3.365999937057495
2022-06-14,1286.8472900390625,2960.0,32.689998626708984,3.4830000400543213
2022-06-15,1192.8990478515625,3070.0,29.6200008392334,3.3949999809265137
2022-06-16,1332.409912109375,3070.0,32.95000076293945,3.306999921798706
2022-06-17,1289.468017578125,3115.0,31.1299991607666,3.239000082015991
2022-06-20,1289.468017578125,3215.0,31.1299991607666,3.239000082015991
2022-06-21,1193.1005859375,3180.0,30.190000534057617,3.306999921798706
2022-06-22,1197.334228515625,3345.0,28.950000762939453,3.1559998989105225
2022-06-23,1146.1263427734375,3385.0,29.049999237060547,3.068000078201294
2022-06-24,1028.3890380859375,3245.0,27.229999542236328,3.125
2022-06-27,1048.3480224609375,3165.0,26.950000762939453,3.194000005722046
2022-06-28,1144.513916015625,3115.0,28.360000610351562,3.2060000896453857
2022-06-29,1142.094482421875,3215.0,28.15999984741211,3.0929999351501465
2022-06-30,1186.2459716796875,3330.0,28.709999084472656,2.9719998836517334
2022-07-01,1161.650146484375,3400.0,26.700000762939453,2.8889999389648438
2022-07-04,1161.650146484375,3390.0,26.700000762939453,2.8889999389648438
2022-07-05,1101.9749755859375,3285.0,27.540000915527344,2.809000015258789
2022-07-06,1081.6129150390625,3435.0,26.729999542236328,2.9130001068115234
2022-07-07,1013.6718139648438,3295.0,26.079999923706055,3.007999897003174
2022-07-08,1008.8331909179688,3260.0,24.639999389648438,3.1010000705718994
2022-07-11,1073.346923828125,3300.0,26.170000076293945,2.990999937057495
2022-07-12,1104.394287109375,3365.0,27.290000915527344,2.9579999446868896
2022-07-13,1111.248779296875,3325.0,26.81999969482422,2.9040000438690186
2022-07-14,1099.35400390625,3345.0,26.399999618530273,2.9600000381469727
2022-07-15,1041.09033203125,3305.0,24.229999542236328,2.930000066757202
2022-07-18,1066.290771484375,3160.0,25.299999237060547,2.9600000381469727
2022-07-19,970.72998046875,3185.0,24.5,3.0190000534057617
2022-07-20,922.5460205078125,3135.0,23.8799991607666,3.0360000133514404
2022-07-21,883.0315551757812,3065.0,23.110000610351562,2.9100000858306885
2022-07-22,928.99755859375,3105.0,23.030000686645508,2.7829999923706055
2022-07-25,944.117919921875,3080.0,23.360000610351562,2.819999933242798
2022-07-26,1000.3658447265625,3055.0,24.690000534057617,2.7869999408721924
2022-07-27,876.3785400390625,3060.0,23.239999771118164,2.7339999675750732
2022-07-28,849.3634643554688,3020.0,22.329999923706055,2.680999994277954
2022-07-29,802.9942016601562,2995.0,21.329999923706055,2.6419999599456787
2022-08-01,804.2037963867188,3000.0,22.84000015258789,2.6059999465942383
2022-08-02,812.0663452148438,3030.0,23.93000030517578,2.740999937057495
2022-08-03,747.1494750976562,2985.0,21.950000762939453,2.747999906539917
2022-08-04,735.859619140625,2960.0,21.440000534057617,2.6760001182556152
2022-08-05,753.6007690429688,2915.0,21.149999618530273,2.8399999141693115
2022-08-08,761.0602416992188,2930.0,21.290000915527344,2.765000104904175
2022-08-09,786.6641235351562,2910.0,21.770000457763672,2.796999931335449
2022-08-10,722.3521118164062,2980.0,19.739999771118164,2.7860000133514404
2022-08-11,732.6339111328125,2880.0,20.200000762939453,2.888000011444092
2022-08-12,691.3048095703125,2855.0,19.530000686645508,2.8489999771118164
2022-08-15,674.3699340820312,2855.0,19.950000762939453,2.7909998893737793
2022-08-16,679.2084350585938,2840.0,19.690000534057617,2.8239998817443848
2022-08-17,703.1996459960938,2870.0,19.899999618530273,2.8929998874664307
2022-08-18,698.361083984375,2895.0,19.559999465942383,2.880000114440918
2022-08-19,739.0853271484375,2925.0,20.600000381469727,2.989000082015991
2022-08-22,797.1475219726562,3005.0,23.799999237060547,3.0369999408721924
2022-08-23,799.9701538085938,3085.0,24.110000610351562,3.053999900817871
2022-08-24,793.1156616210938,3055.0,22.81999969482422,3.1059999465942383
2022-08-25,751.988037109375,2980.0,21.780000686645508,3.0260000228881836
2022-08-26,843.9200439453125,2980.0,25.559999465942383,3.0350000858306885
2022-08-29,869.3224487304688,3125.0,26.209999084472656,3.109999895095825
2022-08-30,897.7485961914062,3050.0,26.209999084472656,3.109999895095825
2022-08-31,915.0869140625,3010.0,25.8700008392334,3.132999897003174
2022-09-01,913.6754760742188,3155.0,25.559999465942383,3.265000104904175
2022-09-02,952.1822509765625,3185.0,25.469999313354492,3.193000078201294
2022-09-05,952.1822509765625,3190.0,25.469999313354492,3.193000078201294
2022-09-06,973.5523681640625,3185.0,26.90999984741211,3.3399999141693115
2022-09-07,915.6914672851562,3275.0,24.639999389648438,3.265000104904175
2022-09-08,900.974365234375,3255.0,23.610000610351562,3.2920000553131104
2022-09-09,843.516845703125,3255.0,22.790000915527344,3.321000099182129
2022-09-12,812.6712646484375,3255.0,23.8700008392334,3.361999988555908
2022-09-13,946.7385864257812,3050.0,27.270000457763672,3.421999931335449
2022-09-14,924.1589965820312,3170.0,26.15999984741211,3.4119999408721924
2022-09-15,970.5282592773438,3210.0,26.270000457763672,3.4590001106262207
2022-09-16,990.2855834960938,3260.0,26.299999237060547,3.447999954223633
2022-09-19,966.0930786132812,3305.0,25.760000228881836,3.490000009536743
2022-09-20,989.4790649414062,3275.0,27.15999984741211,3.571000099182129
2022-09-21,1043.9127197265625,3345.0,27.989999771118164,3.509999990463257
2022-09-22,1082.2176513671875,3415.0,27.350000381469727,3.7079999446868896
2022-09-23,1134.2318115234375,3500.0,29.920000076293945,3.697000026702881
2022-09-26,1148.5460205078125,3680.0,32.2599983215332,3.878000020980835
2022-09-27,1147.7392578125,3655.0,32.599998474121094,3.9639999866485596
2022-09-28,1082.2176513671875,3835.0,30.18000030517578,3.7049999237060547
2022-09-29,1172.3353271484375,3830.0,31.84000015258789,3.746999979019165
2022-09-30,1236.2442626953125,3870.0,31.6200008392334,3.803999900817871
2022-10-03,1148.5460205078125,3870.0,30.100000381469727,3.6510000228881836
2022-10-04,1041.4931640625,3685.0,29.06999969482422,3.617000102996826
2022-10-05,1040.4853515625,3680.0,28.549999237060547,3.759000062942505
2022-10-06,1067.903564453125,3605.0,30.520000457763672,3.8259999752044678
2022-10-07,1190.8829345703125,3630.0,31.360000610351562,3.882999897003174
2022-10-10,1228.3814697265625,3630.0,32.45000076293945,3.888000011444092
2022-10-11,1274.14599609375,3785.0,33.630001068115234,3.938999891281128
2022-10-12,1277.169921875,3720.0,33.56999969482422,3.9019999504089355
2022-10-13,1191.6893310546875,3835.0,31.940000534057617,3.9519999027252197
2022-10-14,1297.935302734375,3645.0,32.02000045776367,4.010000228881836
2022-10-17,1169.3111572265625,3645.0,31.3700008392334,4.014999866485596
2022-10-18,1140.884765625,3545.0,30.5,3.997999906539917
2022-10-19,1152.3763427734375,3605.0,30.760000228881836,4.126999855041504
2022-10-20,1173.1416015625,3675.0,29.979999542236328,4.22599983215332
2022-10-21,1090.2818603515625,3665.0,29.690000534057617,4.2129998207092285
2022-10-24,1053.1864013671875,3595.0,29.850000381469727,4.234000205993652
2022-10-25,990.0838623046875,3580.0,28.459999084472656,4.107999801635742
2022-10-26,1054.799072265625,3530.0,27.280000686645508,4.014999866485596
2022-10-27,1112.861572265625,3405.0,27.389999389648438,3.937000036239624
2022-10-28,1011.6557006835938,3495.0,25.75,4.010000228881836
2022-10-31,1046.331787109375,3390.0,25.8799991607666,4.077000141143799
2022-11-01,1078.386962890625,3290.0,25.809999465942383,4.052000045776367
2022-11-02,1190.278076171875,3300.0,25.860000610351562,4.059000015258789
2022-11-03,1259.025634765625,3340.0,25.299999237060547,4.124000072479248
2022-11-04,1200.5599365234375,3285.0,24.549999237060547,4.156000137329102
2022-11-07,1162.4564208984375,3210.0,24.350000381469727,4.214000225067139
2022-11-08,1137.0543212890625,3115.0,25.540000915527344,4.125999927520752
2022-11-09,1217.0916748046875,3060.0,26.09000015258789,4.151000022888184
2022-11-10,949.1583251953125,3120.0,23.530000686645508,3.8289999961853027
2022-11-11,894.5230102539062,2875.0,22.520000457763672,3.812999963760376
2022-11-14,917.7076416015625,2915.0,23.729999542236328,3.865000009536743
2022-11-15,880.41064453125,2900.0,24.540000915527344,3.7990000247955322
2022-11-16,916.29638671875,2910.0,24.110000610351562,3.691999912261963
2022-11-17,923.1510620117188,2985.0,23.93000030517578,3.7750000953674316
2022-11-18,923.9573974609375,3000.0,23.1200008392334,3.818000078201294
2022-11-21,952.3837280273438,3050.0,22.360000610351562,3.825000047683716
2022-11-22,913.6754760742188,3090.0,21.290000915527344,3.757999897003174
2022-11-23,885.8540649414062,3055.0,20.350000381469727,3.7060000896453857
2022-11-24,885.8540649414062,3000.0,20.350000381469727,3.7060000896453857
2022-11-25,903.7969360351562,3020.0,20.5,3.690999984741211
2022-11-28,944.117919921875,3100.0,22.209999084472656,3.703000068664551
2022-11-29,966.0930786132812,3030.0,21.889999389648438,3.747999906539917
2022-11-30,834.242919921875,2945.0,20.579999923706055,3.703000068664551
2022-12-01,831.6221313476562,2910.0,19.84000015258789,3.5290000438690186
2022-12-02,842.5087280273438,3040.0,19.059999465942383,3.50600004196167
2022-12-05,884.0396728515625,3060.0,20.75,3.5989999771118164
2022-12-06,939.0777587890625,3140.0,22.170000076293945,3.513000011444092
2022-12-07,952.3837280273438,3170.0,22.68000030517578,3.4079999923706055
2022-12-08,919.3203735351562,3175.0,22.290000915527344,3.490999937057495
2022-12-09,937.2632446289062,3095.0,22.829999923706055,3.566999912261963
2022-12-12,902.5872802734375,3135.0,25.0,3.6110000610351562
2022-12-13,873.7576904296875,3140.0,22.549999237060547,3.500999927520752
2022-12-14,895.7325439453125,3075.0,21.139999389648438,3.503000020980835
2022-12-15,983.4310302734375,3175.0,22.829999923706055,3.450000047683716
2022-12-16,1012.8656005859375,3205.0,22.6200008392334,3.4820001125335693
2022-12-19,1054.597900390625,3210.0,22.420000076293945,3.5810000896453857
2022-12-20,1059.032958984375,3265.0,21.479999542236328,3.684000015258789
2022-12-21,1014.0751342773438,3285.0,20.06999969482422,3.684000015258789
2022-12-22,1086.8917236328125,3200.0,21.969999313354492,3.6689999103546143
2022-12-23,1081.8363037109375,3310.0,20.8700008392334,3.750999927520752
2022-12-26,1081.8363037109375,3305.0,20.8700008392334,3.750999927520752
2022-12-27,1128.54736328125,3265.0,21.649999618530273,3.859999895095825
2022-12-28,1174.2474365234375,3335.0,22.139999389648438,3.88700008392334
2022-12-29,1089.1160888671875,3450.0,21.440000534057617,3.8350000381469727
2022-12-30,1092.149169921875,3450.0,21.670000076293945,3.878999948501587
2023-01-02,1092.149169921875,3495.0,21.670000076293945,3.878999948501587
2023-01-03,1115.2015380859375,3500.0,22.899999618530273,3.7929999828338623
2023-01-04,1100.2376708984375,3355.0,22.010000228881836,3.7090001106262207
2023-01-05,1151.1953125,3305.0,22.459999084472656,3.7200000286102295
2023-01-06,1059.5928955078125,3230.0,21.1299991607666,3.569000005722046
2023-01-09,1036.945068359375,3055.0,21.969999313354492,3.5169999599456787
2023-01-10,1011.668701171875,3055.0,20.579999923706055,3.621000051498413
2023-01-11,959.699951171875,3035.0,21.09000015258789,3.553999900817871
2023-01-12,945.140625,3020.0,18.829999923706055,3.4489998817443848
2023-01-13,926.3350219726562,2975.0,18.350000381469727,3.510999917984009
2023-01-16,926.3350219726562,2930.0,18.350000381469727,3.510999917984009
2023-01-17,922.4931640625,2980.0,19.360000610351562,3.5350000858306885
2023-01-18,957.2735595703125,3015.0,20.34000015258789,3.375
2023-01-19,987.200927734375,2980.0,20.520000457763672,3.3970000743865967
2023-01-20,905.7093505859375,2945.0,19.850000381469727,3.4839999675750732
2023-01-23,846.0565795898438,2945.0,19.809999465942383,3.5250000953674316
2023-01-24,851.9208374023438,2945.0,19.200000762939453,3.4690001010894775
2023-01-25,857.7850952148438,2850.0,19.079999923706055,3.4619998931884766
2023-01-26,808.6473388671875,2770.0,18.729999542236328,3.493000030517578
2023-01-27,785.5951538085938,2730.0,18.510000228881836,3.5179998874664307
2023-01-30,833.1150512695312,2820.0,19.940000534057617,3.5510001182556152
2023-01-31,795.9080810546875,2910.0,19.399999618530273,3.5290000438690186
2023-02-01,744.9505615234375,2845.0,17.8700008392334,3.3970000743865967
2023-02-02,667.503173828125,2780.0,18.729999542236328,3.3959999084472656
2023-02-03,701.0704345703125,2760.0,18.329999923706055,3.5320000648498535
2023-02-06,719.4717407226562,2890.0,19.43000030517578,3.634000062942505
2023-02-07,674.9850463867188,2850.0,18.65999984741211,3.6740000247955322
2023-02-08,710.978759765625,2765.0,19.6299991607666,3.6530001163482666
2023-02-09,730.5933837890625,2785.0,20.709999084472656,3.683000087738037
2023-02-10,745.5571899414062,2800.0,20.530000686645508,3.74399995803833
2023-02-13,709.7655639648438,2835.0,20.34000015258789,3.7170000076293945
2023-02-14,694.8018188476562,2800.0,18.90999984741211,3.760999917984009
2023-02-15,679.029296875,2910.0,18.229999542236328,3.809000015258789
2023-02-16,717.8540649414062,2795.0,20.170000076293945,3.8429999351501465
2023-02-17,733.8287353515625,2845.0,20.020000457763672,3.828000068664551
2023-02-20,733.8287353515625,2820.0,20.020000457763672,3.828000068664551
2023-02-21,785.9996948242188,2835.0,22.8700008392334,3.9549999237060547
2023-02-22,785.3929443359375,2935.0,22.290000915527344,3.9230000972747803
2023-02-23,765.3739624023438,2855.0,21.139999389648438,3.878999948501587
2023-02-24,804.6032104492188,2910.0,21.670000076293945,3.9489998817443848
2023-02-27,787.212890625,2965.0,20.950000762939453,3.921999931335449
2023-02-28,791.2571411132812,2950.0,20.700000762939453,3.9159998893737793
2023-03-01,810.2651977539062,2950.0,20.579999923706055,3.99399995803833
2023-03-02,791.2571411132812,2940.0,19.59000015258789,4.072999954223633
2023-03-03,742.7261352539062,2920.0,18.489999771118164,3.9639999866485596
2023-03-06,740.0974731445312,2840.0,18.610000610351562,3.9830000400543213
2023-03-07,767.598388671875,2870.0,19.59000015258789,3.9749999046325684
2023-03-08,756.4766235351562,2955.0,19.110000610351562,3.9760000705718994
2023-03-09,797.7279052734375,2965.0,22.610000610351562,3.924999952316284
2023-03-10,830.6885986328125,3030.0,24.799999237060547,3.694999933242798
2023-03-13,812.6917114257812,2980.0,26.520000457763672,3.515000104904175
2023-03-14,757.48779296875,3135.0,23.729999542236328,3.638000011444092
2023-03-15,746.7703857421875,3050.0,26.139999389648438,3.492000102996826
2023-03-16,687.9264526367188,3070.0,22.989999771118164,3.5850000381469727
2023-03-17,697.4306640625,3000.0,25.510000228881836,3.3949999809265137
2023-03-20,690.9598999023438,3050.0,24.149999618530273,3.4809999465942383
2023-03-21,662.0433349609375,3035.0,21.3799991607666,3.6059999465942383
2023-03-22,688.984130859375,2955.0,22.260000228881836,3.5
2023-03-23,665.1769409179688,2940.0,22.610000610351562,3.4059998989105225
2023-03-24,658.0552368164062,2955.0,21.739999771118164,3.380000114440918
2023-03-27,671.6883544921875,2985.0,20.600000381469727,3.5280001163482666
2023-03-28,682.67626953125,2920.0,19.969999313354492,3.563999891281128
2023-03-29,646.2532958984375,2910.0,19.1200008392334,3.565999984741211
2023-03-30,628.3471069335938,2870.0,19.020000457763672,3.5510001182556152
2023-03-31,597.4180908203125,2805.0,18.700000762939453,3.49399995803833
2023-04-03,601.4877319335938,2840.0,18.549999237060547,3.430000066757202
2023-04-04,607.7955932617188,2810.0,19.0,3.3369998931884766
2023-04-05,627.5331420898438,2780.0,19.079999923706055,3.2869999408721924
2023-04-06,614.7139282226562,2880.0,18.399999618530273,3.2880001068115234
2023-04-07,614.7139282226562,2780.0,18.399999618530273,3.2880001068115234
2023-04-10,616.3416748046875,2735.0,18.969999313354492,3.4149999618530273
2023-04-11,628.3471069335938,2660.0,19.100000381469727,3.434000015258789
2023-04-12,644.8289794921875,2645.0,19.09000015258789,3.4210000038146973
2023-04-13,608.4059448242188,2630.0,17.799999237060547,3.4519999027252197
2023-04-14,611.8651733398438,2615.0,17.06999969482422,3.5220000743865967
2023-04-17,611.0513305664062,2610.0,16.950000762939453,3.5910000801086426
2023-04-18,610.8478393554688,2620.0,16.829999923706055,3.572000026702881
2023-04-19,611.8651733398438,2620.0,16.459999084472656,3.6019999980926514
2023-04-20,626.9227294921875,2635.0,17.170000076293945,3.5450000762939453
2023-04-21,625.2947998046875,2660.0,16.770000457763672,3.569999933242798
2023-04-24,629.364501953125,2700.0,16.889999389648438,3.515000104904175
2023-04-25,665.1769409179688,2765.0,18.760000228881836,3.3959999084472656
2023-04-26,654.1890869140625,2770.0,18.84000015258789,3.431999921798706
2023-04-27,601.4877319335938,2755.0,17.030000686645508,3.5280001163482666
2023-04-28,589.2789306640625,2750.0,15.779999732971191,3.4519999027252197
2023-05-01,591.1101684570312,2750.0,16.079999923706055,3.5739998817443848
2023-05-02,606.5746459960938,2695.0,17.780000686645508,3.438999891281128
2023-05-03,618.9869384765625,2745.0,18.34000015258789,3.4030001163482666
2023-05-04,626.3121948242188,2760.0,20.09000015258789,3.3510000705718994
2023-05-05,586.8370971679688,2760.0,17.190000534057617,3.446000099182129
2023-05-08,582.7675170898438,2700.0,16.979999542236328,3.5209999084472656
2023-05-09,594.1624755859375,2715.0,17.709999084472656,3.5209999084472656
2023-05-10,575.2386474609375,2745.0,16.940000534057617,3.438999891281128
2023-05-11,570.5586547851562,2760.0,16.93000030517578,3.3970000743865967
2023-05-12,576.6631469726562,2790.0,17.030000686645508,3.4630000591278076
2023-05-15,567.7100219726562,2775.0,17.1200008392334,3.507999897003174
2023-05-16,565.878662109375,2765.0,17.989999771118164,3.5490000247955322
2023-05-17,545.5305786132812,2745.0,16.8700008392334,3.5810000896453857
2023-05-18,516.4330444335938,2745.0,16.049999237060547,3.6480000019073486
2023-05-19,520.0955200195312,2615.0,16.809999465942383,3.691999912261963
2023-05-22,514.80517578125,2585.0,17.209999084472656,3.7190001010894775
2023-05-23,534.5426635742188,2575.0,18.530000686645508,3.697999954223633
2023-05-24,542.681884765625,2575.0,20.030000686645508,3.7190001010894775
2023-05-25,504.631103515625,2595.0,19.139999389648438,3.813999891281128
2023-05-26,466.17327880859375,2575.0,17.950000762939453,3.809999942779541
2023-05-30,459.6618957519531,2505.0,17.459999084472656,3.700000047683716
2023-05-31,469.2254638671875,2545.0,17.940000534057617,3.63700008392334
2023-06-01,452.1331481933594,2560.0,15.649999618530273,3.6080000400543213
2023-06-02,442.3661193847656,2495.0,14.600000381469727,3.690999984741211
2023-06-05,441.5522155761719,2480.0,14.729999542236328,3.693000078201294
2023-06-06,441.9591064453125,2480.0,13.960000038146973,3.6989998817443848
2023-06-07,464.74896240234375,2490.0,13.9399995803833,3.7839999198913574
2023-06-08,448.6739807128906,2490.0,13.649999618530273,3.7139999866485596
2023-06-09,443.383544921875,2430.0,13.829999923706055,3.744999885559082
2023-06-12,421.0006408691406,2460.0,15.010000228881836,3.765000104904175
2023-06-13,411.4371032714844,2430.0,14.609999656677246,3.8389999866485596
2023-06-14,402.4839782714844,2460.0,13.880000114440918,3.7960000038146973
2023-06-15,389.2577819824219,2480.0,14.5,3.7279999256134033
2023-06-16,396.5830993652344,2455.0,13.539999961853027,3.7690000534057617
2023-06-19,396.5830993652344,2480.0,13.539999961853027,3.7690000534057617
2023-06-20,398.2109069824219,2485.0,13.880000114440918,3.7290000915527344
2023-06-21,414.4248046875,2535.0,13.199999809265137,3.7230000495910645
2023-06-22,400.603759765625,2525.0,12.90999984741211,3.7990000247955322
2023-06-23,412.9808654785156,2545.0,13.4399995803833,3.739000082015991
2023-06-26,429.2772521972656,2525.0,14.25,3.7190001010894775
2023-06-27,408.0299987792969,2525.0,13.739999771118164,3.7679998874664307
2023-06-28,405.3482971191406,2560.0,13.430000305175781,3.7100000381469727
2023-06-29,408.44256591796875,2555.0,13.539999961853027,3.8540000915527344
2023-06-30,390.08331298828125,2545.0,13.59000015258789,3.819000005722046
2023-07-03,387.6078796386719,2545.0,13.569999694824219,3.8580000400543213
2023-07-05,387.6078796386719,2545.0,14.180000305175781,3.944999933242798
2023-07-06,396.89068603515625,2545.0,15.4399995803833,4.040999889373779
2023-07-07,401.22265625,2650.0,14.829999923706055,4.050000190734863
2023-07-10,400.8100891113281,2660.0,15.069999694824219,4.00600004196167
2023-07-11,395.2404479980469,2660.0,14.84000015258789,3.9800000190734863
2023-07-12,380.3879699707031,2660.0,13.539999961853027,3.8610000610351562
2023-07-13,361.8224182128906,2660.0,13.609999656677246,3.760999917984009
2023-07-14,362.0286560058594,2415.0,13.34000015258789,3.819000005722046
2023-07-17,352.3332824707031,2435.0,13.479999542236328,3.796999931335449
2023-07-18,343.6694030761719,2435.0,13.300000190734863,3.7890000343322754
2023-07-19,343.6694030761719,2475.0,13.760000228881836,3.742000102996826
2023-07-20,368.2171936035156,2495.0,13.989999771118164,3.8540000915527344
2023-07-21,371.9302978515625,2485.0,13.600000381469727,3.8369998931884766
2023-07-24,370.0736999511719,2455.0,13.90999984741211,3.8570001125335693
2023-07-25,362.64752197265625,2455.0,13.859999656677246,3.9119999408721924
2023-07-26,366.3606262207031,2510.0,13.1899995803833,3.8510000705718994
2023-07-27,369.8674621582031,2510.0,14.40999984741211,4.01200008392334
2023-07-28,349.85791015625,2465.0,13.329999923706055,3.9690001010894775
2023-07-31,348.82647705078125,2465.0,13.630000114440918,3.9590001106262207
2023-08-01,351.92071533203125,2465.0,13.930000305175781,4.051000118255615
2023-08-02,375.02459716796875,2465.0,16.09000015258789,4.078000068664551
2023-08-03,377.91253662109375,2500.0,15.920000076293945,4.189000129699707
2023-08-04,383.06964111328125,2500.0,17.100000381469727,4.059999942779541
2023-08-07,373.58056640625,2510.0,15.770000457763672,4.078000068664551
2023-08-08,383.4822082519531,2560.0,15.989999771118164,4.026000022888184
2023-08-09,396.0655212402344,2500.0,15.960000038146973,4.01200008392334
2023-08-10,394.62158203125,2525.0,15.850000381469727,4.079999923706055
2023-08-11,402.46038818359375,2540.0,14.84000015258789,4.168000221252441
2023-08-14,389.05194091796875,2585.0,14.819999694824219,4.184000015258789
2023-08-15,401.4289245605469,2585.0,16.459999084472656,4.2210001945495605
2023-08-16,414.6311340332031,2660.0,16.780000686645508,4.257999897003174
2023-08-17,428.658447265625,2680.0,17.889999389648438,4.308000087738037
2023-08-18,430.7213134765625,2705.0,17.299999237060547,4.250999927520752
2023-08-21,409.8865661621094,2710.0,17.1299991607666,4.3420000076293945
2023-08-22,412.15570068359375,2690.0,16.969999313354492,4.328000068664551
2023-08-23,392.55877685546875,2700.0,15.979999542236328,4.197999954223633
2023-08-24,418.963134765625,2630.0,17.200000762939453,4.235000133514404
2023-08-25,408.8551330566406,2690.0,15.680000305175781,4.238999843597412
2023-08-28,399.77862548828125,2650.0,15.079999923706055,4.211999893188477
2023-08-29,374.1994323730469,2625.0,14.449999809265137,4.122000217437744
2023-08-30,367.8045959472656,2610.0,13.880000114440918,4.118000030517578
2023-08-31,365.32916259765625,2610.0,13.569999694824219,4.0929999351501465
2023-09-01,366.5669250488281,2560.0,13.09000015258789,4.172999858856201
2023-09-04,366.5669250488281,2530.0,13.09000015258789,4.172999858856201
2023-09-05,365.5354919433594,2530.0,14.010000228881836,4.26800012588501
2023-09-06,375.02459716796875,2570.0,14.449999809265137,4.289999961853027
2023-09-07,383.8948059082031,2595.0,14.399999618530273,4.260000228881836
2023-09-08,382.4507751464844,2585.0,13.84000015258789,4.257999897003174
2023-09-11,369.0423278808594,2570.0,13.800000190734863,4.288000106811523
2023-09-12,381.4193420410156,2600.0,14.229999542236328,4.263999938964844
2023-09-13,377.5000305175781,2595.0,13.479999542236328,4.249000072479248
2023-09-14,368.8360595703125,2525.0,12.819999694824219,4.288000106811523
2023-09-15,388.2267761230469,2455.0,13.789999961853027,4.322000026702881
2023-09-18,386.7828063964844,2510.0,14.0,4.318999767303467
2023-09-19,389.67071533203125,2550.0,14.109999656677246,4.364999771118164
2023-09-20,406.3355407714844,2545.0,15.140000343322754,4.348999977111816
2023-09-21,429.8425598144531,2640.0,17.540000915527344,4.480000019073486
2023-09-22,429.6326904296875,2655.0,17.200000762939453,4.438000202178955
2023-09-25,423.5460205078125,2660.0,16.899999618530273,4.541999816894531
2023-09-26,442.8553161621094,2730.0,18.940000534057617,4.558000087738037
2023-09-27,439.70709228515625,2725.0,18.219999313354492,4.625999927520752
2023-09-28,429.8425598144531,2725.0,17.34000015258789,4.5970001220703125
2023-09-29,429.00299072265625,2725.0,17.520000457763672,4.572999954223633
2023-10-02,418.71868896484375,2725.0,17.610000610351562,4.683000087738037
2023-10-03,440.9664306640625,2725.0,19.780000686645508,4.802000045776367
2023-10-04,423.3361511230469,2870.0,18.579999923706055,4.735000133514404
2023-10-05,427.5337829589844,2870.0,18.489999771118164,4.7170000076293945
2023-10-06,406.3355407714844,2865.0,17.450000762939453,4.783999919891357
2023-10-09,400.0390319824219,2865.0,17.700000762939453,4.796999931335449
2023-10-10,393.7424621582031,2850.0,17.030000686645508,4.65500020980835
2023-10-11,385.5570068359375,2755.0,16.09000015258789,4.59499979019165
2023-10-12,390.1744384765625,2695.0,16.690000534057617,4.711999893188477
2023-10-13,405.0762634277344,2745.0,19.31999969482422,4.629000186920166
2023-10-16,391.223876953125,2780.0,17.209999084472656,4.711999893188477
2023-10-17,395.211669921875,2715.0,17.8799991607666,4.8470001220703125
2023-10-18,411.5826416015625,2700.0,19.219999313354492,4.9039998054504395
2023-10-19,423.1262512207031,2800.0,21.399999618530273,4.98799991607666
2023-10-20,442.4356384277344,2885.0,21.709999084472656,4.923999786376953
2023-10-23,438.6576843261719,2920.0,20.3700008392334,4.8379998207092285
2023-10-24,426.2745361328125,2870.0,18.969999313354492,4.840000152587891
2023-10-25,457.54718017578125,2905.0,20.190000534057617,4.953000068664551
2023-10-26,484.622314453125,3060.0,20.68000030517578,4.84499979019165
2023-10-27,477.4862060546875,3055.0,21.270000457763672,4.84499979019165
2023-10-30,462.3745422363281,3035.0,19.75,4.875
2023-10-31,455.44842529296875,3115.0,18.139999389648438,4.875
2023-11-01,431.7315368652344,3025.0,16.8700008392334,4.789000034332275
2023-11-02,409.27392578125,2930.0,15.65999984741211,4.669000148773193
2023-11-03,395.0018310546875,2865.0,14.90999984741211,4.558000087738037
2023-11-06,390.5942687988281,2615.0,14.890000343322754,4.6620001792907715
2023-11-07,379.8901062011719,2690.0,14.8100004196167,4.571000099182129
2023-11-08,379.050537109375,2740.0,14.449999809265137,4.5229997634887695
2023-11-09,388.4953308105469,2715.0,15.289999961853027,4.630000114440918
2023-11-10,362.67962646484375,2745.0,14.170000076293945,4.627999782562256
2023-11-13,366.037841796875,2750.0,14.760000228881836,4.631999969482422
2023-11-14,342.9505310058594,2695.0,14.15999984741211,4.440999984741211
2023-11-15,342.11102294921875,2580.0,14.180000305175781,4.534999847412109
2023-11-16,341.48138427734375,2580.0,14.319999694824219,4.445000171661377
2023-11-17,341.69122314453125,2615.0,13.800000190734863,4.440999984741211
2023-11-20,329.5179443359375,2570.0,13.40999984741211,4.421999931335449
2023-11-21,335.6046142578125,2545.0,13.350000381469727,4.418000221252441
2023-11-22,331.8266906738281,2535.0,12.850000381469727,4.415999889373779
2023-11-23,331.8266906738281,2535.0,12.850000381469727,4.415999889373779
2023-11-24,333.7156677246094,2580.0,12.460000038146973,4.4720001220703125
2023-11-27,334.34527587890625,2585.0,12.6899995803833,4.388999938964844
2023-11-28,332.03656005859375,2525.0,12.6899995803833,4.335999965667725
2023-11-29,333.50579833984375,2545.0,12.979999542236328,4.270999908447266
2023-11-30,336.2342224121094,2520.0,12.920000076293945,4.3520002365112305
2023-12-01,333.7156677246094,2580.0,12.630000114440918,4.22599983215332
2023-12-04,343.1604309082031,2550.0,13.079999923706055,4.288000106811523
2023-12-05,340.641845703125,2605.0,12.850000381469727,4.171000003814697
2023-12-06,346.72845458984375,2590.0,12.970000267028809,4.120999813079834
2023-12-07,332.666259765625,2615.0,13.0600004196167,4.129000186920166
2023-12-08,328.6784362792969,2540.0,12.350000381469727,4.244999885559082
2023-12-11,320.2830810546875,2525.0,12.630000114440918,4.238999843597412
2023-12-12,312.7272644042969,2495.0,12.069999694824219,4.205999851226807
2023-12-13,300.9736633300781,2545.0,12.1899995803833,4.0329999923706055
2023-12-14,302.4429016113281,2475.0,12.479999542236328,3.930000066757202
2023-12-15,299.08477783203125,2435.0,12.279999732971191,3.927999973297119
2023-12-18,292.3684997558594,2420.0,12.5600004196167,3.9539999961853027
2023-12-19,288.38067626953125,2420.0,12.529999732971191,3.921999931335449
2023-12-20,301.3028564453125,2325.0,13.670000076293945,3.877000093460083
2023-12-21,291.44512939453125,2350.0,13.649999618530273,3.8940000534057617
2023-12-22,289.945068359375,2335.0,13.029999732971191,3.9010000228881836
2023-12-26,284.80194091796875,2325.0,12.989999771118164,3.885999917984009
2023-12-27,283.3018493652344,2265.0,12.430000305175781,3.7890000343322754
2023-12-28,284.373291015625,2195.0,12.470000267028809,3.8499999046325684
2023-12-29,288.2306823730469,2195.0,12.449999809265137,3.865999937057495
2024-01-02,303.0172424316406,2165.0,13.199999809265137,3.946000099182129
2024-01-03,312.66064453125,2290.0,14.039999961853027,3.9070000648498535
2024-01-04,318.0180969238281,2330.0,14.130000114440918,3.990999937057495
2024-01-05,317.160888671875,2350.0,13.350000381469727,4.041999816894531
2024-01-08,297.6597595214844,2360.0,13.079999923706055,4.001999855041504
2024-01-09,296.15966796875,2385.0,12.760000228881836,4.019000053405762
2024-01-10,290.15936279296875,2430.0,12.6899995803833,4.03000020980835
2024-01-11,289.087890625,2430.0,12.4399995803833,3.9769999980926514
2024-01-12,288.6592712402344,2480.0,12.699999809265137,3.950000047683716
2024-01-15,288.6592712402344,2460.0,12.699999809265137,3.950000047683716
2024-01-16,289.087890625,2530.0,13.84000015258789,4.065999984741211
2024-01-17,294.0167541503906,2655.0,14.789999961853027,4.105999946594238
2024-01-18,281.8017272949219,2655.0,14.130000114440918,4.144000053405762
2024-01-19,265.3008117675781,2555.0,13.300000190734863,4.145999908447266
2024-01-22,264.443603515625,2550.0,13.1899995803833,4.093999862670898
2024-01-23,261.2291259765625,2525.0,12.550000190734863,4.142000198364258
2024-01-24,256.9432067871094,2545.0,13.140000343322754,4.177999973297119
2024-01-25,256.51458740234375,2540.0,13.449999809265137,4.131999969482422
2024-01-26,261.2291259765625,2535.0,13.260000228881836,4.159999847412109
2024-01-29,253.51441955566406,2475.0,13.600000381469727,4.091000080108643
2024-01-30,258.6575622558594,2485.0,13.3100004196167,4.059000015258789
2024-01-31,273.8727111816406,2515.0,14.350000381469727,3.9670000076293945
2024-02-01,264.443603515625,2430.0,13.880000114440918,3.86299991607666
2024-02-02,251.15719604492188,2270.0,13.850000381469727,4.0329999923706055
2024-02-05,252.44297790527344,2330.0,13.670000076293945,4.164000034332275
2024-02-06,254.15728759765625,2345.0,13.0600004196167,4.090000152587891
2024-02-07,246.65689086914062,2280.0,12.829999923706055,4.110000133514404
2024-02-08,245.3711395263672,2275.0,12.789999961853027,4.170000076293945
2024-02-09,238.29928588867188,2275.0,12.930000305175781,4.186999797821045
2024-02-12,241.29945373535156,2275.0,13.930000305175781,4.171999931335449
2024-02-13,252.87149047851562,2225.0,15.850000381469727,4.315999984741211
2024-02-14,244.513916015625,2280.0,14.380000114440918,4.267000198364258
2024-02-15,242.79959106445312,2285.0,14.010000228881836,4.239999771118164
2024-02-16,249.6570281982422,2240.0,14.239999771118164,4.295000076293945
2024-02-19,249.6570281982422,2175.0,14.239999771118164,4.295000076293945
2024-02-20,255.4430694580078,2225.0,15.420000076293945,4.275000095367432
2024-02-21,258.6575622558594,2235.0,15.34000015258789,4.324999809265137
2024-02-22,236.15631103515625,2210.0,14.539999961853027,4.327000141143799
2024-02-23,238.29928588867188,2200.0,13.75,4.260000228881836
2024-02-26,238.94215393066406,2235.0,13.739999771118164,4.298999786376953
2024-02-27,237.227783203125,2280.0,13.430000305175781,4.315000057220459
2024-02-28,241.0851593017578,2215.0,13.84000015258789,4.27400016784668
2024-02-29,235.5133819580078,2235.0,13.399999618530273,4.251999855041504
2024-03-01,224.7985382080078,2235.0,13.109999656677246,4.179999828338623
2024-03-04,227.58438110351562,2165.0,13.489999771118164,4.218999862670898
2024-03-05,239.7993621826172,2210.0,14.460000038146973,4.13700008392334
2024-03-06,235.29910278320312,2220.0,14.5,4.104000091552734
2024-03-07,225.22711181640625,2220.0,14.4399995803833,4.0920000076293945
2024-03-08,234.8705291748047,2155.0,14.739999771118164,4.089000225067139
2024-03-11,237.65635681152344,2190.0,15.220000267028809,4.104000091552734
2024-03-12,227.37010192871094,2160.0,13.84000015258789,4.15500020980835
2024-03-13,233.15609741210938,2145.0,13.75,4.191999912261963
2024-03-14,234.8705291748047,2105.0,14.399999618530273,4.297999858856201
2024-03-15,243.4424591064453,2180.0,14.40999984741211,4.303999900817871
2024-03-18,236.79917907714844,2155.0,14.329999923706055,4.340000152587891
2024-03-19,235.0847930908203,2210.0,13.819999694824219,4.296999931335449
2024-03-20,226.9049072265625,2130.0,13.039999961853027,4.2729997634887695
2024-03-21,224.07676696777344,2015.0,12.920000076293945,4.270999908447266
2024-03-22,223.6416778564453,2020.0,13.0600004196167,4.2179999351501465
2024-03-25,226.03472900390625,2040.0,13.1899995803833,4.252999782562256
2024-03-26,227.99264526367188,2000.0,13.239999771118164,4.234000205993652
2024-03-27,226.25228881835938,1999.0,12.779999732971191,4.196000099182129
2024-03-28,227.99264526367188,2000.0,13.010000228881836,4.205999851226807
2024-03-29,227.99264526367188,1988.0,13.010000228881836,4.205999851226807
2024-04-01,226.4698028564453,1987.0,13.649999618530273,4.328999996185303
2024-04-02,232.3436737060547,1975.0,14.609999656677246,4.364999771118164
2024-04-03,231.03839111328125,2035.0,14.329999923706055,4.355000019073486
2024-04-04,241.9158935546875,1978.0,16.350000381469727,4.309000015258789
2024-04-05,233.6489715576172,2020.0,16.030000686645508,4.377999782562256
2024-04-08,233.6489715576172,2005.0,15.1899995803833,4.423999786376953
2024-04-09,230.82083129882812,2030.0,14.979999542236328,4.366000175476074
2024-04-10,237.12977600097656,2030.0,15.800000190734863,4.559999942779541
2024-04-11,226.25228881835938,2035.0,14.90999984741211,4.576000213623047
2024-04-12,236.9122314453125,2075.0,17.309999465942383,4.499000072479248
2024-04-15,248.87745666503906,2090.0,19.229999542236328,4.627999782562256
2024-04-16,248.87745666503906,2195.0,18.399999618530273,4.658999919891357
2024-04-17,258.0145568847656,2240.0,18.209999084472656,4.585000038146973
2024-04-18,262.5831298828125,2165.0,18.0,4.646999835968018
2024-04-19,279.3345031738281,2255.0,18.709999084472656,4.614999771118164
2024-04-22,271.2851867675781,2190.0,16.940000534057617,4.623000144958496
2024-04-23,259.1023864746094,2195.0,15.6899995803833,4.5980000495910645
2024-04-24,256.9268493652344,2110.0,15.970000267028809,4.6519999504089355
2024-04-25,261.060302734375,2190.0,15.369999885559082,4.705999851226807
2024-04-26,248.659912109375,2140.0,15.029999732971191,4.669000148773193
2024-04-29,246.04931640625,2105.0,14.670000076293945,4.613999843597412
2024-04-30,259.9725341796875,2090.0,15.649999618530273,4.685999870300293
2024-05-01,265.8464050292969,2090.0,15.390000343322754,4.59499979019165
2024-05-02,256.27423095703125,2100.0,14.680000305175781,4.571000099182129
2024-05-03,241.04568481445312,2100.0,13.489999771118164,4.5
2024-05-06,232.77877807617188,2100.0,13.489999771118164,4.488999843597412
2024-05-07,233.21388244628906,2005.0,13.229999542236328,4.4629998207092285
2024-05-08,233.6489715576172,1991.0,13.0,4.492000102996826
2024-05-09,232.3436737060547,2035.0,12.6899995803833,4.448999881744385
2024-05-10,230.82083129882812,2015.0,12.550000190734863,4.504000186920166
2024-05-13,229.51553344726562,2025.0,13.600000381469727,4.480999946594238
2024-05-14,224.94696044921875,2025.0,13.420000076293945,4.445000171661377
2024-05-15,214.72207641601562,2025.0,12.449999809265137,4.355999946594238
2024-05-16,216.2449493408203,1981.0,12.420000076293945,4.376999855041504
2024-05-17,216.89759826660156,2030.0,11.989999771118164,4.420000076293945
2024-05-20,212.32904052734375,1995.0,12.149999618530273,4.436999797821045
2024-05-21,211.24130249023438,2015.0,11.859999656677246,4.414000034332275
2024-05-22,211.6763916015625,2015.0,12.289999961853027,4.434000015258789
2024-05-23,214.9396514892578,2015.0,12.770000457763672,4.474999904632568
2024-05-24,208.84823608398438,2085.0,11.930000305175781,4.4670000076293945
2024-05-27,208.84823608398438,2025.0,11.930000305175781,4.4670000076293945
2024-05-28,206.4552001953125,2025.0,12.920000076293945,4.541999816894531
2024-05-29,210.8061981201172,2085.0,14.279999732971191,4.624000072479248
2024-05-30,217.9853515625,2160.0,14.470000267028809,4.553999900817871
2024-05-31,217.9853515625,2165.0,12.920000076293945,4.513999938964844
2024-06-03,216.0273895263672,2085.0,13.109999656677246,4.4019999504089355
2024-06-04,214.50454711914062,2115.0,13.15999984741211,4.335999965667725
2024-06-05,201.4515380859375,2075.0,12.630000114440918,4.289000034332275
2024-06-06,202.1041717529297,2075.0,12.579999923706055,4.281000137329102
2024-06-07,202.7568359375,2020.0,12.220000267028809,4.429999828338623
2024-06-10,200.58132934570312,2055.0,12.739999771118164,4.468999862670898
2024-06-11,196.44789123535156,2055.0,12.850000381469727,4.4039998054504395
2024-06-12,188.83363342285156,2020.0,12.039999961853027,4.295000076293945
2024-06-13,185.78794860839844,1983.0,11.9399995803833,4.23799991607666
2024-06-14,183.39488220214844,1977.0,12.65999984741211,4.2129998207092285
2024-06-17,176.86837768554688,1998.0,12.75,4.2789998054504395
2024-06-18,176.6508026123047,1958.0,12.300000190734863,4.2170000076293945
2024-06-19,176.6508026123047,1898.0,12.300000190734863,4.2170000076293945
2024-06-20,181.00180053710938,1882.0,13.279999732971191,4.254000186920166
2024-06-21,182.74221801757812,1916.0,13.199999809265137,4.256999969482422
2024-06-24,189.05117797851562,1946.0,13.329999923706055,4.248000144958496
2024-06-25,182.524658203125,1935.0,12.84000015258789,4.23799991607666
2024-06-26,181.41575622558594,1906.0,12.550000190734863,4.315999984741211
2024-06-27,180.30686950683594,1911.0,12.239999771118164,4.288000106811523
2024-06-28,183.63356018066406,1890.0,12.4399995803833,4.3429999351501465
2024-07-01,180.08506774902344,1884.0,12.220000267028809,4.479000091552734
2024-07-02,174.76239013671875,1912.0,12.029999732971191,4.435999870300293
2024-07-03,170.54856872558594,1895.0,12.09000015258789,4.355000019073486
2024-07-04,170.54856872558594,1845.0,12.09000015258789,4.355000019073486
2024-07-05,165.22586059570312,1775.0,12.479999542236328,4.271999835968018
2024-07-08,164.11692810058594,1788.0,12.369999885559082,4.269000053405762
2024-07-09,163.89515686035156,1776.0,12.510000228881836,4.300000190734863
2024-07-10,159.01600646972656,1778.0,12.850000381469727,4.28000020980835
2024-07-11,169.2178955078125,1756.0,12.920000076293945,4.192999839782715
2024-07-12,166.5565185546875,1804.0,12.460000038146973,4.189000129699707
2024-07-15,165.44764709472656,1784.0,13.119999885559082,4.229000091552734
2024-07-16,165.44764709472656,1783.0,13.1899995803833,4.166999816894531
2024-07-17,179.86331176757812,1814.0,14.479999542236328,4.145999908447266
2024-07-18,182.52467346191406,1840.0,15.930000305175781,4.189000129699707
2024-07-19,187.6256103515625,1884.0,16.520000457763672,4.238999843597412
2024-07-22,179.4197540283203,1921.0,14.90999984741211,4.260000228881836
2024-07-23,181.41575622558594,1912.0,14.720000267028809,4.238999843597412
2024-07-24,200.932373046875,1937.0,18.040000915527344,4.285999774932861
2024-07-25,207.80752563476562,2010.0,18.459999084472656,4.25600004196167
2024-07-26,201.81948852539062,1985.0,16.389999389648438,4.199999809265137
2024-07-29,200.71058654785156,1939.0,16.600000381469727,4.177999973297119
2024-07-30,209.1382293701172,1977.0,17.690000534057617,4.14300012588501
2024-07-31,190.50872802734375,1924.0,16.360000610351562,4.109000205993652
2024-08-01,204.48085021972656,1917.0,18.59000015258789,3.9760000705718994
2024-08-02,219.340087890625,2075.0,23.389999389648438,3.7920000553131104
2024-08-05,239.30026245117188,2460.0,38.56999969482422,3.7850000858306885
2024-08-06,232.64686584472656,2320.0,27.709999084472656,3.888000011444092
2024-08-07,240.18739318847656,2220.0,27.850000381469727,3.9679999351501465
2024-08-08,218.23118591308594,2255.0,23.790000915527344,3.996999979019165
2024-08-09,215.12628173828125,2185.0,20.3700008392334,3.941999912261963
2024-08-12,214.01739501953125,2140.0,20.709999084472656,3.9089999198913574
2024-08-13,198.27101135253906,2120.0,18.1200008392334,3.8519999980926514
2024-08-14,198.0492401123047,2080.0,16.190000534057617,3.819999933242798
2024-08-15,183.19000244140625,2080.0,15.229999542236328,3.9260001182556152
2024-08-16,182.52467346191406,1981.0,14.800000190734863,3.8919999599456787
2024-08-19,175.8712615966797,2020.0,14.649999618530273,3.867000102996826
2024-08-20,177.2019500732422,1975.0,15.880000114440918,3.818000078201294
2024-08-21,174.31881713867188,1981.0,16.270000457763672,3.7780001163482666
2024-08-22,182.7464599609375,1975.0,17.549999237060547,3.861999988555908
2024-08-23,176.9801788330078,1977.0,15.859999656677246,3.806999921798706
2024-08-26,182.52467346191406,1999.0,16.149999618530273,3.818000078201294
2024-08-27,180.7504119873047,1999.0,15.430000305175781,3.8329999446868896
2024-08-28,187.18203735351562,2010.0,17.110000610351562,3.8410000801086426
2024-08-29,187.84739685058594,2070.0,15.649999618530273,3.867000102996826
2024-08-30,181.85934448242188,2045.0,15.0,3.9110000133514404
2024-09-02,181.85934448242188,2050.0,15.0,3.9110000133514404
2024-09-03,198.4927978515625,2090.0,20.719999313354492,3.8440001010894775
2024-09-04,199.823486328125,2230.0,21.31999969482422,3.7679998874664307
2024-09-05,199.60169982910156,2240.0,19.899999618530273,3.7309999465942383
2024-09-06,215.56983947753906,2280.0,22.3799991607666,3.7100000381469727
2024-09-09,207.58575439453125,2310.0,19.450000762939453,3.697000026702881
2024-09-10,202.2630615234375,2340.0,19.079999923706055,3.6459999084472656
2024-09-11,189.1780548095703,2380.0,17.690000534057617,3.6530001163482666
2024-09-12,183.63356018066406,2270.0,17.06999969482422,3.680000066757202
2024-09-13,181.19398498535156,2265.0,16.559999465942383,3.6500000953674316
2024-09-16,184.07713317871094,2265.0,17.139999389648438,3.621000051498413
2024-09-17,183.63356018066406,2265.0,17.610000610351562,3.6419999599456787
2024-09-18,186.294921875,2265.0,18.229999542236328,3.684999942779541
2024-09-19,172.10101318359375,2270.0,16.329999923706055,3.740000009536743
2024-09-20,173.65345764160156,2255.0,16.149999618530273,3.7279999256134033
2024-09-23,172.3227996826172,2240.0,15.890000343322754,3.739000082015991
2024-09-24,169.6614532470703,2195.0,15.390000343322754,3.7360000610351562
2024-09-25,168.9602813720703,2250.0,15.40999984741211,3.7809998989105225
2024-09-26,165.5675048828125,2105.0,15.369999885559082,3.7909998893737793
2024-09-27,168.50791931152344,2120.0,16.959999084472656,3.749000072479248
2024-09-30,167.15077209472656,2220.0,16.729999542236328,3.802000045776367
2024-10-01,174.61489868164062,2220.0,19.260000228881836,3.743000030517578
2024-10-02,173.48397827148438,2280.0,18.899999618530273,3.7850000858306885
2024-10-03,174.3887176513672,2280.0,20.489999771118164,3.8499999046325684
2024-10-04,168.05552673339844,2275.0,19.209999084472656,3.9809999465942383
2024-10-07,173.71017456054688,2210.0,22.639999389648438,4.026000022888184
2024-10-08,166.0198516845703,2240.0,21.420000076293945,4.0329999923706055
2024-10-09,162.17469787597656,2240.0,20.860000610351562,4.066999912261963
2024-10-10,162.85328674316406,2230.0,20.93000030517578,4.0960001945495605
2024-10-11,162.17469787597656,2225.0,20.459999084472656,4.072999954223633
2024-10-14,158.1033935546875,2170.0,19.700000762939453,4.0980000495910645
2024-10-15,164.66273498535156,2160.0,20.639999389648438,4.038000106811523
2024-10-16,164.4365692138672,2200.0,19.579999923706055,4.015999794006348
2024-10-17,164.21038818359375,2195.0,19.110000610351562,4.0960001945495605
2024-10-18,161.26998901367188,2220.0,18.030000686645508,4.072999954223633
2024-10-21,160.5914306640625,2205.0,18.3700008392334,4.182000160217285
2024-10-22,159.91285705566406,2275.0,18.200000762939453,4.203999996185303
2024-10-23,167.60317993164062,2210.0,19.239999771118164,4.242000102996826
2024-10-24,163.7580108642578,2250.0,19.079999923706055,4.199999809265137
2024-10-25,160.81759643554688,2255.0,20.329999923706055,4.23199987411499
2024-10-28,160.81759643554688,2205.0,19.799999237060547,4.2779998779296875
2024-10-29,156.52008056640625,2195.0,19.34000015258789,4.27400016784668
2024-10-30,159.68667602539062,2195.0,20.350000381469727,4.265999794006348
2024-10-31,171.90066528320312,2300.0,23.15999984741211,4.283999919891357
2024-11-01,168.28172302246094,2335.0,21.8799991607666,4.361000061035156
2024-11-04,170.09121704101562,2255.0,21.979999542236328,4.309000015258789
2024-11-05,163.53182983398438,2255.0,20.489999771118164,4.289000034332275
2024-11-06,150.4130859375,2295.0,16.270000457763672,4.426000118255615
2024-11-07,143.35610961914062,2290.0,15.199999809265137,4.341000080108643
2024-11-08,143.08468627929688,2305.0,14.9399995803833,4.306000232696533
2024-11-11,143.35610961914062,2375.0,14.970000267028809,4.308000087738037
2024-11-12,144.1251678466797,2480.0,14.710000038146973,4.432000160217285
2024-11-13,144.80369567871094,2605.0,14.020000457763672,4.451000213623047
2024-11-14,147.8345947265625,2625.0,14.3100004196167,4.418000221252441
2024-11-15,158.7366943359375,2590.0,16.139999389648438,4.427999973297119
2024-11-18,155.4344024658203,2470.0,15.579999923706055,4.414000034332275
2024-11-19,152.40350341796875,2450.0,16.350000381469727,4.379000186920166
2024-11-20,152.53924560546875,2445.0,17.15999984741211,4.406000137329102
2024-11-21,151.04641723632812,2440.0,16.8700008392334,4.432000160217285
2024-11-22,150.54881286621094,2400.0,15.239999771118164,4.409999847412109
2024-11-25,149.96072387695312,2340.0,14.600000381469727,4.264999866485596
2024-11-26,147.5631561279297,2360.0,14.100000381469727,4.302000045776367
2024-11-27,151.1368865966797,2400.0,14.100000381469727,4.242000102996826
2024-11-28,151.1368865966797,2415.0,14.100000381469727,4.242000102996826
2024-11-29,147.38221740722656,2505.0,13.510000228881836,4.177999973297119
2024-12-02,142.63233947753906,2490.0,13.34000015258789,4.196000099182129
2024-12-03,141.36569213867188,2420.0,13.300000190734863,4.2230000495910645
2024-12-04,136.2086639404297,2490.0,13.449999809265137,4.179999828338623
2024-12-05,137.43006896972656,2525.0,13.539999961853027,4.179999828338623
2024-12-06,133.85633850097656,2545.0,12.770000457763672,4.151000022888184
2024-12-09,137.1134033203125,2680.0,14.1899995803833,4.198999881744385
2024-12-10,138.60623168945312,2570.0,14.180000305175781,4.2210001945495605
2024-12-11,131.14212036132812,2515.0,13.579999923706055,4.270999908447266
2024-12-12,133.765869140625,2445.0,13.920000076293945,4.323999881744385
2024-12-13,130.87069702148438,2425.0,13.8100004196167,4.39900016784668
2024-12-16,125.30654907226562,2440.0,14.6899995803833,4.396999835968018
2024-12-17,126.98031616210938,2495.0,15.869999885559082,4.385000228881836
2024-12-18,140.68714904785156,2425.0,27.6200008392334,4.49399995803833
2024-12-19,142.72279357910156,2535.0,24.09000015258789,4.570000171661377
2024-12-20,139.10382080078125,2610.0,18.360000610351562,4.52400016784668
2024-12-23,135.13980102539062,2525.0,16.780000686645508,4.598999977111816
2024-12-24,129.7955322265625,2520.0,14.270000457763672,4.591000080108643
2024-12-26,130.16734313964844,2545.0,14.729999542236328,4.578999996185303
2024-12-27,135.46511840820312,2565.0,15.949999809265137,4.61899995803833
2024-12-30,140.99522399902344,2580.0,17.399999618530273,4.545000076293945
2024-12-31,144.71298217773438,2580.0,17.350000381469727,4.572999954223633
2025-01-02,145.6424102783203,2595.0,17.93000030517578,4.574999809265137
2025-01-03,138.67166137695312,2490.0,16.1299991607666,4.5960001945495605
2025-01-06,133.88507080078125,2385.0,16.040000915527344,4.618000030517578
2025-01-07,141.13465881347656,2380.0,17.81999969482422,4.683000087738037
2025-01-08,141.04171752929688,2340.0,17.700000762939453,4.692999839782715
2025-01-09,141.04171752929688,2345.0,17.700000762939453,4.692999839782715
2025-01-10,147.91952514648438,2345.0,19.540000915527344,4.776000022888184
2025-01-13,149.4066162109375,2415.0,19.190000534057617,4.802999973297119
2025-01-14,149.91781616210938,2395.0,18.709999084472656,4.788000106811523
2025-01-15,139.78695678710938,2400.0,16.1200008392334,4.6529998779296875
2025-01-16,142.6217498779297,2340.0,16.600000381469727,4.605999946594238
2025-01-17,135.65098571777344,2345.0,15.970000267028809,4.609000205993652
2025-01-20,135.65098571777344,2350.0,15.970000267028809,4.609000205993652
2025-01-21,133.37388610839844,2345.0,15.0600004196167,4.573999881744385
2025-01-22,128.30845642089844,2290.0,15.100000381469727,4.598999977111816
2025-01-23,127.51844024658203,2345.0,15.020000457763672,4.638000011444092
2025-01-24,129.7955322265625,2315.0,14.850000381469727,4.625999927520752
2025-01-27,141.27407836914062,2315.0,17.899999618530273,4.5279998779296875
2025-01-28,134.9539031982422,2315.0,16.40999984741211,4.551000118255615
2025-01-29,135.8368682861328,2315.0,16.559999465942383,4.554999828338623
2025-01-30,134.0709686279297,2315.0,15.84000015258789,4.51200008392334
2025-01-31,134.90744018554688,2365.0,16.43000030517578,4.568999767303467
2025-02-03,138.11399841308594,2500.0,18.6200008392334,4.543000221252441
2025-02-04,133.14151000976562,2435.0,17.209999084472656,4.513000011444092
2025-02-05,131.46853637695312,2375.0,15.770000457763672,4.421999931335449
2025-02-06,129.37728881835938,2325.0,15.5,4.440000057220459
2025-02-07,134.44271850585938,2360.0,16.540000915527344,4.486999988555908
2025-02-10,129.70260620117188,2350.0,15.8100004196167,4.493000030517578
2025-02-11,130.5855712890625,2315.0,16.020000457763672,4.5370001792907715
2025-02-12,130.3997039794922,2315.0,15.890000343322754,4.63700008392334
2025-02-13,124.86956024169922,2265.0,15.100000381469727,4.525000095367432
2025-02-14,123.5683364868164,2235.0,14.770000457763672,4.4720001220703125
2025-02-17,123.5683364868164,2205.0,14.770000457763672,4.4720001220703125
2025-02-18,122.73184204101562,2175.0,15.350000381469727,4.544000148773193
2025-02-19,122.68537902832031,2090.0,15.270000457763672,4.534999847412109
2025-02-20,124.35836791992188,2120.0,15.65999984741211,4.5
2025-02-21,132.1656036376953,2120.0,18.209999084472656,4.420000076293945
2025-02-24,136.9521942138672,2150.0,18.979999542236328,4.39300012588501
2025-02-25,142.15701293945312,2165.0,19.43000030517578,4.297999858856201
2025-02-26,141.22760009765625,2145.0,19.100000381469727,4.249000072479248
2025-02-27,152.9849395751953,2170.0,21.1299991607666,4.284999847412109
2025-02-28,145.92123413085938,2315.0,19.6299991607666,4.230999946594238
2025-03-03,155.35498046875,2315.0,22.780000686645508,4.179999828338623
2025-03-04,157.1209259033203,2325.0,23.510000228881836,4.210000038146973
2025-03-05,151.07960510253906,2290.0,21.93000030517578,4.264999866485596
2025-03-06,163.44110107421875,2250.0,24.8700008392334,4.285999774932861
2025-03-07,160.1880645751953,2265.0,23.3700008392334,4.316999912261963
2025-03-10,178.3120574951172,2255.0,27.860000610351562,4.2129998207092285
2025-03-11,180.31033325195312,2305.0,26.920000076293945,4.288000106811523
2025-03-12,174.22251892089844,2230.0,24.229999542236328,4.317999839782715
2025-03-13,183.74923706054688,2255.0,24.65999984741211,4.27400016784668
2025-03-14,170.69068908691406,2225.0,21.770000457763672,4.308000087738037
2025-03-17,167.3911895751953,2145.0,20.510000228881836,4.306000232696533
2025-03-18,175.8490447998047,2130.0,21.700000762939453,4.281000137329102
2025-03-19,169.15711975097656,2090.0,19.899999618530273,4.25600004196167
2025-03-20,170.78363037109375,2060.0,19.799999237060547,4.232999801635742
2025-03-21,169.15711975097656,2045.0,19.280000686645508,4.251999855041504
2025-03-24,158.60801696777344,2060.0,17.479999542236328,4.330999851226807
2025-03-25,155.77325439453125,2080.0,17.149999618530273,4.307000160217285
2025-03-26,164.3639373779297,2040.0,18.329999923706055,4.3379998207092285
2025-03-27,167.2400665283203,2095.0,18.690000534057617,4.36899995803833
2025-03-28,180.58343505859375,2165.0,21.649999618530273,4.255000114440918
2025-03-31,180.7720489501953,2290.0,22.280000686645508,4.245999813079834
2025-04-01,176.528564453125,2220.0,21.770000457763672,4.156000137329102
2025-04-02,172.5679931640625,2250.0,21.510000228881836,4.196000099182129
2025-04-03,200.52777099609375,2310.0,30.020000457763672,4.054999828338623
2025-04-04,237.44601440429688,2345.0,45.310001373291016,3.984999895095825
2025-04-07,236.5501708984375,2625.0,46.97999954223633,4.15500020980835
2025-04-08,249.75210571289062,2625.0,52.33000183105469,4.26200008392334
2025-04-09,161.62924194335938,2715.0,33.619998931884766,4.400000095367432
2025-04-10,180.15908813476562,2370.0,40.720001220703125,4.394000053405762
2025-04-11,170.7763214111328,2385.0,37.560001373291016,4.493000030517578
2025-04-14,167.14576721191406,2350.0,30.889999389648438,4.363999843597412
2025-04-15,166.6271209716797,2305.0,30.1200008392334,4.322999954223633
2025-04-16,181.7150421142578,2380.0,32.63999938964844,4.2789998054504395
2025-04-17,182.1865234375,2330.0,29.649999618530273,4.333000183105469
2025-04-18,182.1865234375,2300.0,29.649999618530273,4.333000183105469
2025-04-21,195.6241912841797,2295.0,33.81999969482422,4.40500020980835
2025-04-22,180.4891357421875,2310.0,30.56999969482422,4.388999938964844
2025-04-23,168.607421875,2220.0,28.450000762939453,4.38700008392334
2025-04-24,154.27389526367188,2235.0,26.469999313354492,4.304999828338623
2025-04-25,149.22886657714844,2185.0,24.84000015258789,4.265999794006348
2025-04-28,149.41746520996094,2185.0,25.149999618530273,4.216000080108643
2025-04-29,146.54132080078125,2160.0,24.170000076293945,4.172999858856201
2025-04-30,146.44703674316406,2165.0,24.700000762939453,4.177000045776367
2025-05-01,141.49632263183594,2165.0,24.600000381469727,4.230999946594238
2025-05-02,134.89537048339844,2160.0,22.68000030517578,4.322000026702881
2025-05-05,137.394287109375,2160.0,23.639999389648438,4.3429999351501465
2025-05-06,141.11911010742188,2160.0,24.760000228881836,4.308000087738037
2025-05-07,139.5631866455078,2130.0,23.549999237060547,4.275000095367432
2025-05-08,135.4140167236328,2125.0,22.479999542236328,4.373000144958496
2025-05-09,135.7912139892578,2125.0,21.899999618530273,4.375
2025-05-12,119.38310241699219,2070.0,18.389999389648438,4.456999778747559
2025-05-13,113.91373443603516,2060.0,18.219999313354492,4.499000072479248
2025-05-14,111.93344116210938,2005.0,18.6200008392334,4.5279998779296875
2025-05-15,111.50909423828125,2035.0,17.829999923706055,4.454999923706055
2025-05-16,110.23605346679688,2020.0,17.239999771118164,4.440999984741211
2025-05-19,110.04744720458984,2070.0,18.139999389648438,4.474999904632568
2025-05-20,111.2261962890625,2060.0,18.09000015258789,4.480999946594238
2025-05-21,115.79972076416016,2035.0,20.8700008392334,4.5960001945495605
2025-05-22,115.23392486572266,2090.0,20.280000686645508,4.552999973297119
2025-05-23,118.62870788574219,2080.0,22.290000915527344,4.508999824523926
2025-05-26,118.62870788574219,2015.0,22.290000915527344,4.508999824523926
2025-05-27,110.3303451538086,2005.0,18.959999084472656,4.434000015258789
2025-05-28,111.8391342163086,1949.0,19.309999465942383,4.4770002365112305
2025-05-29,111.17903900146484,1873.0,19.18000030517578,4.423999786376953
2025-05-30,111.88629913330078,1913.0,18.56999969482422,4.415999889373779
2025-06-02,109.29306030273438,1914.0,18.360000610351562,4.461999893188477
2025-06-03,106.74696350097656,1914.0,17.690000534057617,4.460000038146973
2025-06-04,105.9925765991211,1806.0,17.610000610351562,4.364999771118164
2025-06-05,108.397216796875,1738.0,18.479999542236328,4.394000053405762
2025-06-06,105.37963104248047,1738.0,16.770000457763672,4.510000228881836
2025-06-09,105.00243377685547,1682.0,17.15999984741211,4.48199987411499
2025-06-10,102.83354949951172,1665.0,16.950000762939453,4.473999977111816
2025-06-11,104.01229095458984,1619.0,17.260000228881836,4.4120001792907715
2025-06-12,103.35218811035156,1614.0,18.020000457763672,4.35699987411499
2025-06-13,107.31277465820312,1641.0,20.81999969482422,4.423999786376953
2025-06-16,102.88069152832031,1583.0,19.110000610351562,4.452000141143799
2025-06-17,105.94541931152344,1573.0,21.600000381469727,4.39300012588501
2025-06-18,106.08687591552734,1547.0,20.139999389648438,4.396999835968018
2025-06-19,106.08687591552734,1543.0,20.139999389648438,4.396999835968018
2025-06-20,107.64281463623047,1499.0,20.6200008392334,4.375
2025-06-23,104.2951889038086,1504.0,19.829999923706055,4.320000171661377
2025-06-24,99.53307342529297,1403.0,17.479999542236328,4.293000221252441
2025-06-25,98.80278015136719,1393.0,16.760000228881836,4.293000221252441
2025-06-26,96.12985229492188,1422.0,16.59000015258789,4.252999782562256
2025-06-27,95.17523956298828,1436.0,16.31999969482422,4.2829999923706055
2025-06-30,93.4092025756836,1420.0,16.729999542236328,4.230000019073486
2025-07-01,95.79573822021484,1413.0,16.829999923706055,4.250999927520752
2025-07-02,93.83877563476562,1425.0,16.639999389648438,4.293000221252441
2025-07-03,91.30905151367188,1380.0,16.3799991607666,4.3480000495910645
2025-07-04,91.30905151367188,1435.0,16.3799991607666,4.3480000495910645
2025-07-07,93.36146545410156,1429.0,17.790000915527344,4.394999980926514
2025-07-08,93.2182846069336,1376.0,16.809999465942383,4.414999961853027
2025-07-09,91.30905151367188,1369.0,15.9399995803833,4.3420000076293945
2025-07-10,91.6908950805664,1332.0,15.779999732971191,4.3460001945495605
2025-07-11,92.45458221435547,1331.0,16.399999618530273,4.422999858856201
2025-07-14,91.54769897460938,1307.0,17.200000762939453,4.427000045776367
2025-07-15,91.30905151367188,1291.0,17.3799991607666,4.488999843597412
2025-07-16,91.02266693115234,1317.0,17.15999984741211,4.454999923706055
2025-07-17,88.8747787475586,1310.0,16.520000457763672,4.4629998207092285
2025-07-18,89.25662231445312,1313.0,16.40999984741211,4.432000160217285
2025-07-21,87.92015838623047,1294.0,16.649999618530273,4.372000217437744
2025-07-22,89.30435180664062,1330.0,16.5,4.335999965667725
2025-07-23,88.15880584716797,1319.0,15.369999885559082,4.388000011444092
2025-07-24,87.58604431152344,1323.0,15.390000343322754,4.4079999923706055
2025-07-25,87.10873413085938,1316.0,14.930000305175781,4.386000156402588
2025-07-28,86.29730987548828,1302.0,15.029999732971191,4.420000076293945
2025-07-29,86.72688293457031,1285.0,15.979999542236328,4.329999923706055
2025-07-30,86.39277648925781,1262.0,15.479999542236328,4.375999927520752
2025-07-31,87.92015838623047,1270.0,16.719999313354492,4.360000133514404
2025-08-01,93.17054748535156,1374.0,20.3799991607666,4.21999979019165
2025-08-04,88.06334686279297,1342.0,17.520000457763672,4.199999809265137
2025-08-05,89.92485046386719,1306.0,17.850000381469727,4.196000099182129
2025-08-06,86.53596496582031,1307.0,16.770000457763672,4.21999979019165
2025-08-07,85.67680358886719,1286.0,16.56999969482422,4.24399995803833
2025-08-08,83.43346405029297,1293.0,15.149999618530273,4.284999847412109
2025-08-11,84.29261779785156,1292.0,16.25,4.2729997634887695
2025-08-12,81.04691314697266,1302.0,14.729999542236328,4.293000221252441
2025-08-13,80.95146179199219,1274.0,14.489999771118164,4.23799991607666
2025-08-14,81.19011688232422,1275.0,14.829999923706055,4.293000221252441
2025-08-15,82.43111419677734,1275.0,15.09000015258789,4.328000068664551
2025-08-18,82.52657318115234,1314.0,14.989999771118164,4.341000080108643
2025-08-19,85.91546630859375,1335.0,15.569999694824219,4.302000045776367
2025-08-20,87.49058532714844,1349.0,15.6899995803833,4.296000003814697
2025-08-21,88.73157501220703,1344.0,16.600000381469727,4.329999923706055
2025-08-22,84.7221908569336,1321.0,14.220000267028809,4.260000228881836
2025-08-25,85.53361511230469,1290.0,14.789999961853027,4.275000095367432
2025-08-26,84.48353576660156,1315.0,14.619999885559082,4.257999897003174
2025-08-27,84.14942932128906,1310.0,14.850000381469727,4.23799991607666
2025-08-28,82.62203979492188,1296.0,14.430000305175781,4.206999778747559
2025-08-29,85.67680358886719,1308.0,15.359999656677246,4.2270002365112305
2025-09-01,85.67680358886719,1350.0,15.359999656677246,4.2270002365112305
2025-09-02,87.82469177246094,1323.0,17.170000076293945,4.2769999504089355
2025-09-03,85.86772918701172,1309.0,16.350000381469727,4.210999965667725
2025-09-04,83.48119354248047,1300.0,15.300000190734863,4.176000118255615
2025-09-05,83.29027557373047,1289.0,15.180000305175781,4.085999965667725
2025-09-08,82.09700012207031,1279.0,15.109999656677246,4.046000003814697
2025-09-09,81.42877197265625,1244.0,15.039999961853027,4.073999881744385
2025-09-10,81.38103485107422,1192.0,15.350000381469727,4.0320000648498535
2025-09-11,79.9968490600586,1175.0,14.710000038146973,4.011000156402588
2025-09-12,79.04222869873047,1126.0,14.760000228881836,4.060999870300293
2025-09-15,77.03752899169922,1116.0,15.6899995803833,4.033999919891357
2025-09-16,77.27618408203125,1079.0,16.360000610351562,4.026000022888184
2025-09-17,77.80123138427734,1105.0,15.720000267028809,4.076000213623047
2025-09-18,75.7010726928711,1067.0,15.699999809265137,4.104000091552734
2025-09-19,74.22142028808594,1076.0,15.449999809265137,4.138999938964844
2025-09-22,72.98040771484375,1054.0,16.100000381469727,4.14300012588501
2025-09-23,74.46007537841797,1038.0,16.639999389648438,4.119999885559082
2025-09-24,75.29887390136719,1044.0,16.18000030517578,4.146999835968018
2025-09-25,76.31708526611328,1044.0,16.739999771118164,4.171999931335449
2025-09-26,75.3958511352539,1096.0,15.289999961853027,4.186999797821045
2025-09-29,74.37763977050781,1061.0,16.1200008392334,4.140999794006348
2025-09-30,73.84429931640625,1069.0,16.280000686645508,4.1479997634887695
2025-10-01,72.77760314941406,1046.0,16.290000915527344,4.105999946594238
2025-10-02,71.95333099365234,980.0,16.6299991607666,4.0879998207092285
2025-10-03,72.97154998779297,980.0,16.649999618530273,4.11899995803833
2025-10-06,71.3230209350586,980.0,16.3700008392334,4.1620001792907715
2025-10-07,72.48668670654297,980.0,17.239999771118164,4.126999855041504
2025-10-08,70.01388549804688,980.0,16.299999237060547,4.129000186920166
2025-10-09,70.3048095703125,980.0,16.43000030517578,4.1479997634887695
2025-10-10,77.72318267822266,932.0,21.65999984741211,4.051000118255615
2025-10-13,72.82608032226562,950.0,19.030000686645508,4.051000118255615
2025-10-14,74.23218536376953,971.0,20.809999465942383,4.021999835968018
2025-10-15,72.77760314941406,916.0,20.639999389648438,4.046000003814697
2025-10-16,73.55337524414062,868.0,25.309999465942383,3.9760000705718994
2025-10-17,72.19576263427734,864.0,20.780000686645508,4.006999969482422
2025-10-20,69.48054504394531,831.0,18.229999542236328,3.9860000610351562
2025-10-21,69.57752227783203,829.0,17.8700008392334,3.9630000591278076
2025-10-22,71.71089935302734,809.0,18.600000381469727,3.953000068664551
2025-10-23,69.81995391845703,826.0,17.299999237060547,3.990999937057495
2025-10-24,67.68656158447266,783.0,16.3700008392334,3.996999979019165
2025-10-27,64.09858703613281,740.0,15.789999961853027,3.996999979019165
2025-10-28,62.64400863647461,754.0,16.420000076293945,3.9830000400543213
2025-10-29,61.868228912353516,723.0,16.920000076293945,4.058000087738037
2025-10-30,64.72891235351562,719.0,16.90999984741211,4.0929999351501465
2025-10-31,63.807682037353516,702.0,17.440000534057617,4.10099983215332
2025-11-03,62.9834098815918,658.0,17.170000076293945,4.105999946594238
2025-11-04,66.86228942871094,697.0,19.0,4.089000225067139
2025-11-05,65.50469207763672,734.0,18.010000228881836,4.1570000648498535
2025-11-06,69.23812103271484,726.0,19.5,4.0929999351501465
2025-11-07,69.96540832519531,752.0,19.079999923706055,4.0929999351501465
2025-11-10,65.3592300415039,706.0,17.600000381469727,4.110000133514404
2025-11-11,65.89257049560547,692.0,17.280000686645508,4.119999885559082
2025-11-12,66.0865249633789,678.0,17.510000228881836,4.065000057220459
2025-11-13,70.20783996582031,669.0,20.0,4.111999988555908
2025-11-14,70.0623779296875,731.0,19.829999923706055,4.1479997634887695
2025-11-17,71.95333099365234,699.0,22.3799991607666,4.132999897003174
2025-11-18,74.57158660888672,747.0,24.690000534057617,4.123000144958496
2025-11-19,73.31094360351562,757.0,23.65999984741211,4.132999897003174
2025-11-20,78.46985626220703,725.0,26.420000076293945,4.105999946594238
2025-11-21,76.81163787841797,786.0,23.43000030517578,4.063000202178955
2025-11-24,70.94482421875,784.0,20.520000457763672,4.038000106811523
2025-11-25,69.66478729248047,776.0,18.559999465942383,4.001999855041504
2025-11-26,67.8514175415039,734.0,17.190000534057617,3.997999906539917
2025-11-27,67.8514175415039,724.0,17.190000534057617,3.997999906539917
2025-11-28,66.33865356445312,744.0,16.350000381469727,4.017000198364258
2025-12-01,67.00775146484375,748.0,17.239999771118164,4.0960001945495605
2025-12-02,65.4561996459961,718.0,16.59000015258789,4.085999965667725
2025-12-03,65.00043487548828,701.0,16.079999923706055,4.057000160217285
2025-12-04,65.22347259521484,706.0,15.779999732971191,4.107999801635742
2025-12-05,64.4767837524414,678.0,15.40999984741211,4.138999938964844
2025-12-08,64.90345764160156,661.0,16.65999984741211,4.171999931335449
2025-12-09,64.67073059082031,669.0,16.93000030517578,4.185999870300293
2025-12-10,63.92404556274414,669.0,15.770000457763672,4.164000034332275
2025-12-11,64.55435943603516,680.0,14.850000381469727,4.140999794006348
2025-12-12,68.36536407470703,660.0,15.739999771118164,4.193999767303467
2025-12-15,69.42235565185547,690.0,16.5,4.182000160217285
2025-12-16,69.01507568359375,721.0,16.479999542236328,4.14900016784668
2025-12-17,72.86487579345703,693.0,17.6200008392334,4.151000022888184
2025-12-18,69.74236297607422,710.0,16.8700008392334,4.116000175476074
2025-12-19,67.02715301513672,702.0,14.90999984741211,4.151000022888184
2025-12-22,66.14470672607422,670.0,14.079999923706055,4.169000148773193
2025-12-23,65.20407104492188,666.0,14.0,4.169000148773193
2025-12-24,64.69422149658203,665.0,13.470000267028809,4.136000156402588
2025-12-26,64.80333709716797,653.0,13.600000381469727,4.136000156402588
2025-12-29,65.76551818847656,618.0,14.199999809265137,4.116000175476074
2025-12-30,66.24163818359375,615.0,14.329999923706055,4.130000114440918
2025-12-31,67.9477767944336,615.0,14.949999809265137,4.163000106811523
2026-01-02,68.41398620605469,579.0,14.510000228881836,4.186999797821045
2026-01-05,66.81697082519531,535.0,14.899999618530273,4.164999961853027
2026-01-06,65.0810775756836,517.0,14.75,4.178999900817871
2026-01-07,64.89260864257812,510.0,15.380000114440918,4.138000011444092
2026-01-08,66.05316925048828,512.0,15.449999809265137,4.183000087738037
2026-01-09,64.14865112304688,502.0,14.489999771118164,4.171000003814697
2026-01-12,63.98994445800781,496.0,15.119999885559082,4.186999797821045
2026-01-13,64.32720184326172,484.0,15.979999542236328,4.171000003814697
2026-01-14,66.40035247802734,478.0,16.75,4.139999866485596
2026-01-15,65.72583770751953,462.0,15.84000015258789,4.159999847412109
2026-01-16,66.04325866699219,452.0,15.859999656677246,4.230999946594238
2026-01-19,66.04325866699219,439.0,15.859999656677246,4.230999946594238
2026-01-20,70.19947052001953,447.0,20.09000015258789,4.295000076293945
2026-01-21,67.42205047607422,438.0,16.899999618530273,4.252999782562256
2026-01-22,65.93414306640625,430.0,15.640000343322754,4.249000072479248
2026-01-23,65.378662109375,423.0,16.09000015258789,4.238999843597412
2026-01-26,64.54542541503906,432.0,16.149999618530273,4.2129998207092285
2026-01-27,62.8194580078125,402.0,16.350000381469727,4.2230000495910645
2026-01-28,62.283809661865234,387.0,16.350000381469727,4.250999927520752
2026-01-29,63.36502456665039,379.0,16.8799991607666,4.2270002365112305
2026-01-30,65.72583770751953,377.0,17.440000534057617,4.241000175476074
2026-02-02,64.38671875,420.0,16.34000015258789,4.275000095367432
2026-02-03,67.4121322631836,354.0,18.0,4.27400016784668
2026-02-04,70.9136734008789,345.0,18.639999389648438,4.275000095367432
2026-02-05,73.97876739501953,375.0,21.770000457763672,4.210000038146973
2026-02-06,69.42576599121094,383.0,20.3700008392334,4.205999851226807
2026-02-09,67.85850524902344,351.0,17.360000610351562,4.197999954223633
2026-02-10,68.8206787109375,350.0,17.790000915527344,4.146999835968018
2026-02-11,68.32471466064453,345.0,17.649999618530273,4.171999931335449
2026-02-12,72.51068878173828,320.0,20.81999969482422,4.104000091552734
2026-02-13,72.1436767578125,320.0,20.600000381469727,4.056000232696533
2026-02-17,72.37181854248047,320.0,20.290000915527344,4.052000045776367
2026-02-18,70.82440185546875,320.0,19.6200008392334,4.078999996185303
2026-02-19,71.62786865234375,300.0,20.229999542236328,4.074999809265137
2026-02-20,69.80270385742188,286.0,19.09000015258789,4.085999965667725
2026-02-23,72.37181854248047,283.0,21.010000228881836,4.0289998054504395
2026-02-24,70.09037017822266,268.0,19.549999237060547,4.0329999923706055
2026-02-25,67.09471130371094,258.0,17.93000030517578,4.047999858856201
2026-02-26,69.50511932373047,235.0,18.6299991607666,4.017000198364258
2026-02-27,70.2788314819336,238.0,19.860000610351562,3.9619998931884766
2026-03-02,70.02092742919922,238.0,21.440000534057617,4.047999858856201
2026-03-03,72.28254699707031,277.0,23.56999969482422,4.056000232696533
2026-03-04,69.05875396728516,346.0,21.149999618530273,4.079999923706055
2026-03-05,69.69358825683594,279.0,23.75,4.145999908447266
2026-03-06,72.86779022216797,279.0,29.489999771118164,4.132999897003174
2026-03-09,70.03084564208984,314.0,25.5,4.136000156402588
2026-03-10,70.02092742919922,277.0,24.93000030517578,4.136000156402588
2026-03-11,70.0804443359375,271.0,24.229999542236328,4.208000183105469
2026-03-12,73.73078155517578,274.0,27.290000915527344,4.2729997634887695
2026-03-13,75.12940979003906,284.0,27.190000534057617,4.284999847412109
2026-03-16,72.61980438232422,275.0,23.510000228881836,4.21999979019165
2026-03-17,71.56835174560547,265.0,22.3700008392334,4.202000141143799
2026-03-18,74.60368347167969,233.0,25.09000015258789,4.258999824523926
2026-03-19,75.29804229736328,249.0,24.059999465942383,4.281000137329102
2026-03-20,79.6030502319336,249.0,26.780000686645508,4.390999794006348
2026-03-23,76.85538482666016,283.0,26.149999618530273,4.334000110626221
2026-03-24,78.50199890136719,264.0,26.950000762939453,4.392000198364258
2026-03-25,76.95999908447266,257.0,25.329999923706055,4.328000068664551
2026-03-26,82.5,276.0,27.440000534057617,4.415999889373779
2026-03-27,87.41999816894531,278.0,31.049999237060547,4.440000057220459
2026-03-30,89.41999816894531,295.0,30.610000610351562,4.3420000076293945
2026-03-31,80.48999786376953,321.0,25.25,4.310999870300293
2026-04-01,77.44999694824219,261.0,24.540000915527344,4.318999767303467
2026-04-02,77.29000091552734,289.0,23.8700008392334,4.313000202178955
2026-04-03,77.29000091552734,271.0,23.8700008392334,4.313000202178955
2026-04-06,75.91999816894531,263.0,24.170000076293945,4.335000038146973
2026-04-07,75.91000366210938,257.0,25.780000686645508,4.3429999351501465
2026-04-08,69.19999694824219,217.0,21.040000915527344,4.290999889373779
2026-04-09,67.86000061035156,226.0,19.489999771118164,4.293000221252441
2026-04-10,67.62000274658203,219.0,19.229999542236328,4.316999912261963
2026-04-13,65.56999969482422,224.0,19.1200008392334,4.296999931335449
2026-04-14,62.02000045776367,210.0,18.360000610351562,4.25600004196167
2026-04-15,59.439998626708984,199.0,18.170000076293945,4.2820000648498535
2026-04-16,58.61000061035156,191.0,17.940000534057617,4.309000015258789
2026-04-17,56.38999938964844,193.0,17.479999542236328,4.245999813079834
2026-04-20,56.90999984741211,191.0,18.8700008392334,4.25
2026-04-21,57.59000015258789,181.0,19.5,4.291999816894531
2026-04-22,54.72999954223633,181.0,18.920000076293945,4.294000148773193
2026-04-23,55.65999984741211,177.0,19.309999465942383,4.322999954223633
2026-04-24,52.5,177.0,18.709999084472656,4.309999942779541
2026-04-27,52.45000076293945,169.0,18.020000457763672,4.335999965667725
2026-04-28,54.04999923706055,169.0,17.829999923706055,4.354000091552734
2026-04-29,53.08000183105469,166.0,18.809999465942383,4.418000221252441
2026-04-30,51.650001525878906,169.0,16.889999389648438,4.389999866485596
2026-05-01,50.220001220703125,169.0,16.989999771118164,4.377999782562256
2026-05-04,50.5099983215332,152.0,18.290000915527344,4.446000099182129
2026-05-05,48.59000015258789,152.0,17.3799991607666,4.415999889373779
2026-05-06,45.59000015258789,129.0,17.389999389648438,4.355999946594238
2026-05-07,45.72999954223633,124.0,17.079999923706055,4.392000198364258
2026-05-08,42.56999969482422,123.0,17.190000534057617,4.363999843597412
2026-05-11,42.220001220703125,110.0,18.3799991607666,4.409999847412109
2026-05-12,43.310001373291016,115.0,17.989999771118164,4.4629998207092285
2026-05-13,41.9900016784668,108.0,17.8700008392334,4.480999946594238
2026-05-14,41.06999969482422,104.0,17.260000228881836,4.460999965667725
2026-05-15,42.97999954223633,118.0,18.43000030517578,4.59499979019165
2026-05-18,43.540000915527344,116.0,17.81999969482422,4.623000144958496
2026-05-19,44.369998931884766,123.0,18.059999465942383,4.666999816894531
2026-05-20,42.189998626708984,125.0,17.440000534057617,4.572000026702881
2026-05-21,41.959999084472656,103.0,16.760000228881836,4.585999965667725
2026-05-22,41.5,102.0,16.700000762939453,4.558000087738037
2026-05-25,41.5,102.0,16.59000015258789,4.558000087738037
2026-05-26,39.279998779296875,96.0,17.010000228881836,4.493000030517578
2026-05-27,39.439998626708984,91.0,16.290000915527344,4.480999946594238
2026-05-28,38.470001220703125,91.0,15.739999771118164,4.454999923706055
2026-05-29,38.08000183105469,84.0,15.319999694824219,4.453000068664551
2026-06-01,37.41999816894531,76.0,16.049999237060547,4.474999904632568
2026-06-02,36.90999984741211,76.0,15.770000457763672,4.454999923706055
2026-06-03,37.189998626708984,76.0,16.059999465942383,4.491000175476074
2026-06-04,37.7599983215332,79.0,15.399999618530273,4.4770002365112305
2026-06-05,43.189998626708984,88.0,21.510000228881836,4.535999774932861
